Matrícula;Salário
245302;28326,69
732601;1430,69
1324001;1637,36
1248503;3182,34
1864901;2942,27
1882301;2829,1
1992801;2829,1
1404201;10378,37
1405001;10378,37
1787301;6840,29
282304;1322,75
957902;11630,41
1630302;11630,41
1897902;11630,41
625503;9853,96
1632702;9853,96
683109;2596,21
1633802;9853,96
1770202;9853,96
84303;6348,38
397703;6348,38
1631802;6348,38
1633302;6348,38
1872902;6348,38
1913701;6348,38
1953701;6348,38
286901;3913,39
1714503;3913,39
1753802;3913,39
1937401;3913,39
1982001;3913,39
244503;3913,39
1113803;3913,39
1431202;3913,39
1793101;3913,39
1833501;3913,39
1936801;3913,39
876303;2723,72
1426304;1848,58
242903;11630,41
1721402;2829,1
1840801;2942,27
1840901;2942,27
1841101;2942,27
1841201;2942,27
1842001;2942,27
1889501;2829,1
971202;14163,33
973703;11630,41
1100606;3913,39
1821702;3913,39
135901;1487,92
543802;1430,69
723801;1322,75
730001;1430,69
734001;1375,66
736901;1430,69
1096101;1375,66
1157701;1430,69
1305801;1637,36
1651101;1839,43
878001;1616,05
192701;1989,54
1406102;1913,02
1214501;5896,8
412101;3871,82
415801;3871,82
1235402;10793,51
1130003;1322,75
535301;26077,66
761901;23986
1187501;23986
1190101;23986
1218103;23986
1363101;23986
1370801;23986
1371201;23986
1446703;19515,72
1529501;23986
1529601;23986
1529701;19515,72
1531301;19515,72
1538301;19515,72
1717001;19515,72
1729201;19515,72
1732901;19515,72
1769001;19515,72
959803;11630,41
1633403;10434,48
242202;9239,88
1628902;9239,9
1629002;9239,88
1633502;9239,88
1768602;9239,88
1700602;6348,38
772704;3913,39
893303;3913,39
1530805;3913,39
1876902;3913,39
1536302;3913,39
1529103;2723,72
950603;1848,58
1886402;1848,58
1886702;1848,58
1916101;1848,58
1964301;1848,58
1991601;1848,58
2021301;1345,84
3857001;1018,1
904104;1322,75
1273001;1322,75
2312002;2554,76
297103;3913,39
2013201;3913,39
1174506;1848,58
1932001;1848,58
247102;1345,84
1554101;1574,39
970403;11630,41
1177801;3059,95
1681202;1848,58
1907901;1848,58
1247503;11630,41
1701303;6348,38
1588903;1848,58
1980501;1848,58
1227001;1089,76
2866001;1018,1
3542001;1271,02
349401;1487,92
740901;1430,69
803801;1487,92
839501;1487,92
855201;1430,69
4659001;1547,44
4799001;1487,92
185101;1430,69
185803;1322,75
233801;1430,69
854903;1430,69
311901;2036,32
414804;1375,66
528601;1702,86
61201;1770,97
188101;2154,66
536001;2154,66
539901;1770,97
711001;1637,36
836101;1702,86
842201;1770,97
845501;2071,78
1315001;1574,39
1378202;1637,36
1788001;1992,1
3845001;2240,84
3899001;2071,78
4780001;1915,48
8793601;1992,1
158007;1574,39
237206;1637,36
535203;1574,39
708101;1637,36
708201;1637,36
711201;1637,36
711301;1574,39
723501;1637,36
744801;1637,36
806101;1770,97
857107;1574,39
1119006;1574,39
1126001;2240,84
1137704;1574,39
1220002;1637,36
1417905;1574,39
1842301;1574,39
4313001;1770,97
8791301;2069,1
4287001;3722,92
1211903;3400,87
1981001;3400,87
4213001;4840,49
838101;10567,33
1198501;10567,33
1822801;10160,89
1825701;10160,89
1925701;6978,64
957503;10793,51
1404401;10793,51
482404;1375,66
1132203;1322,75
1209103;1322,75
1295501;1375,66
957603;11630,41
714104;10567,33
1701803;9853,96
318103;6348,38
427401;6348,38
956802;6348,38
1098602;6348,38
1217004;6348,38
1701002;6348,38
248903;3913,39
1097802;3913,39
1220203;3913,39
1408804;3913,39
1629601;3913,39
1690403;3913,39
126901;3913,39
381503;3913,39
253802;2723,72
887505;2723,72
1707002;2723,72
1770301;2723,72
1822701;2723,72
1929002;2723,72
542805;1848,58
1390004;1848,58
1427404;1848,58
1632802;1848,58
1916401;1848,58
1918001;1848,58
1940601;1848,58
1949201;1848,58
1952001;1848,58
2027701;1848,58
1244305;1345,84
1980801;1345,84
1984201;1345,84
2007301;1345,84
166201;2820,68
400803;2504,67
514501;2605,85
655403;2605,85
877904;2268,56
789603;3605,97
1139201;3750,22
1434401;3975,24
1434701;3975,24
1434901;3975,24
1448501;3975,24
1448601;3750,22
165701;2701,1
553301;2755,15
621201;2701,1
633911;2495,39
658213;2495,39
664502;2810,23
697517;2495,39
697715;2495,39
767604;1350,56
1094619;2495,39
1145808;1247,7
1496902;2495,39
1535308;2495,39
1756904;2495,39
1798704;2495,39
1959501;2495,39
2037501;2495,39
4678001;1324,08
122702;3091,26
166601;3413
166801;3216,15
506801;2971,23
621401;1576,52
621801;3153,09
621902;3153,09
676206;3153,09
759503;3030,66
803601;3153,09
847901;3280,46
1044801;3030,66
1067106;3030,66
1100001;3153,09
1432607;2799,86
1674804;2799,86
2775001;3413
3166001;3413
4093001;3413
180701;2509,57
570601;2509,57
720302;2318,45
839301;2610,97
1046501;2364,82
128201;675,28
491001;675,28
676404;675,28
832501;716,58
1138701;662,03
1255903;688,77
1268302;636,32
1420903;675,28
1493201;702,54
1495301;662,03
1705004;623,86
1739102;636,32
1805003;636,32
1849601;623,86
1866301;636,32
420901;3754,3
621601;3468,39
903101;3754,3
745901;788,29
952612;578,48
1121622;567,16
1144014;567,16
1184306;567,16
1256005;567,16
1293212;567,16
1319804;567,16
1432906;567,16
1502601;590,03
1503803;567,16
1526212;567,16
1571004;567,16
1666206;567,16
1667913;567,16
1684103;567,16
1805802;567,16
1815206;567,16
1847601;578,48
1855101;567,16
1861603;567,16
1961601;567,16
1962101;567,16
2011901;567,16
122302;1134,27
553402;1134,27
660920;1134,27
670815;1134,27
687804;1252,34
688603;1377,56
719609;1134,27
731002;1227,79
811001;1382,67
825301;1438,53
853301;1302,92
867220;1227,79
983910;1203,7
1002709;1134,27
1005807;1134,27
1025902;1134,27
1040914;1134,27
1045201;1156,94
1062408;1134,27
1065224;1134,27
1069714;1134,27
1140802;1180,11
1149804;1134,27
1189903;1277,4
1232602;1134,27
1259312;1134,27
1266816;1134,27
1275403;1134,27
1362212;1134,27
1385524;1134,27
1424609;1134,27
1441804;1134,27
1446609;1134,27
1451810;1134,27
1467316;1134,27
1470706;1156,94
1496002;1134,27
1498510;1134,27
1499110;1134,27
1501506;1277,4
1501809;1134,27
1502701;1277,4
1507306;1134,27
1576809;1134,27
1597906;1134,27
1625105;1134,27
1641408;1134,27
1675708;1134,27
1677303;1134,27
1706207;1134,27
1706604;1156,94
1730401;1180,11
1731701;1227,79
1733103;1134,27
1733304;1134,27
1745105;1134,27
1746304;1134,27
1746407;1134,27
1749103;1134,27
1771002;1134,27
1801702;1134,27
1809606;1134,27
1810503;1134,27
1821403;1134,27
1832702;1134,27
1846801;1156,94
1847101;1156,94
1847701;1156,94
1848701;1156,94
1852301;1156,94
1858503;1134,27
1862702;1134,27
1890201;1134,27
1912101;1134,27
1942801;1134,27
1943001;1134,27
1955002;1134,27
1960901;1134,27
1961001;1134,27
1961201;1134,27
1961401;1134,27
1971201;1134,27
1971301;1134,27
1981603;1134,27
2011101;1134,27
2011701;1134,27
2012001;1134,27
2018801;1134,27
2281001;1438,53
136301;1350,56
161301;1551,35
162201;1491,15
312302;1405,13
360703;1405,13
565601;1747,1
607202;1272,66
616702;1405,13
631201;1405,13
632401;1433,23
666309;1350,56
684911;1298,14
685409;1350,56
686607;1350,56
688507;1433,23
693117;1350,56
694907;1324,08
697315;1298,14
698817;1350,56
699309;1350,56
725003;1377,56
745602;1298,14
760706;1272,66
782311;1350,56
788309;1405,13
803501;1520,95
854301;1551,35
863803;1350,56
877601;1520,95
951509;1350,56
1028110;1324,08
1045101;1433,23
1054602;1350,56
1055203;1272,66
1064902;1247,7
1141202;1272,66
1145806;1433,23
1252604;1350,56
1287208;1405,13
1314102;1405,13
1345010;1350,56
1395607;1350,56
1397502;1350,56
1416303;1377,56
1467702;1350,56
1491801;1377,56
1493501;1324,08
1502201;1350,56
1502905;1350,56
1528611;1272,66
1574205;1272,66
1586701;1405,13
1626102;1377,56
1626103;1405,13
1673106;1272,66
1710404;1272,66
1723206;1272,66
1730601;1350,56
1730801;1324,08
1731501;1350,56
1737204;1272,66
1777701;1324,08
1847901;1272,66
1848101;1272,66
1848801;1272,66
1848901;1272,66
1849201;1272,66
2808001;1740,64
79501;2605,85
82001;2934,62
120302;2504,67
124402;2268,56
129003;2455,56
151401;2820,68
179501;2711,12
181701;2765,35
187501;2554,76
199203;2268,56
430022;2268,56
444402;2407,43
493001;2934,62
499215;2268,56
556201;2820,68
558007;2455,56
565801;2711,12
566101;3438,37
566307;2268,56
616006;2407,43
617302;2407,43
634307;2268,56
636505;2504,67
654505;2268,56
657225;2407,43
659017;2268,56
661922;2268,56
669505;2313,94
671818;2455,56
682804;2554,76
689203;2605,85
692920;2268,56
694413;2268,56
694618;2268,56
696921;2268,56
697914;2455,56
729205;2554,76
742602;2268,56
804901;3240,04
818401;2657,98
825001;2657,98
826201;2820,68
834401;3114,24
848901;2554,76
849806;2455,56
853701;2605,85
856401;2455,56
859302;2268,56
862301;2820,68
869301;3304,86
983819;2268,56
995408;2268,56
1007717;2268,56
1027303;2268,56
1030303;2268,56
1035816;2268,56
1096511;2268,56
1101702;2268,56
1102102;2407,43
1110901;2605,85
1129511;2455,56
1140602;2268,56
1140902;2268,56
1141702;2268,56
1146403;2268,56
1150015;2455,56
1160907;2554,76
1161011;2455,56
1176305;2268,56
1176426;2268,56
1194903;2268,56
1195804;2455,56
1228012;2455,56
1231202;2268,56
1231302;2268,56
1231502;2268,56
1231602;2268,56
1232102;2268,56
1232402;2554,76
1233602;2268,56
1248704;2455,56
1254807;2268,56
1292113;2268,56
1316606;2268,56
1319405;2268,56
1321410;2268,56
1340707;2268,56
1377713;2268,56
1382202;2268,56
1383002;2268,56
1383603;2268,56
1393912;2313,94
1398110;2268,56
1400602;2554,76
1412210;2313,94
1422607;2268,56
1423104;2268,56
1423417;2268,56
1423803;2268,56
1429207;2268,56
1430603;2268,56
1442215;2268,56
1444914;2268,56
1454906;2268,56
1461109;2268,56
1481106;2268,56
1490102;2268,56
1494202;2268,56
1494902;2268,56
1495802;2268,56
1496202;2268,56
1496802;2268,56
1498809;2268,56
1500417;2268,56
1503702;2313,94
1504910;2268,56
1505213;2268,56
1506005;2268,56
1506608;2268,56
1506711;2268,56
1543609;2268,56
1566601;2554,76
1566803;2313,94
1575110;2268,56
1575205;2268,56
1578005;2268,56
1597301;2554,76
1599907;2268,56
1601811;2268,56
1623115;2268,56
1626304;2268,56
1627408;2268,56
1641108;2268,56
1641709;2268,56
1641802;2268,56
1657903;2268,56
1659603;2268,56
1660707;2268,56
1664208;2268,56
1666604;2268,56
1671809;2268,56
1676605;2268,56
1682406;2268,56
1683207;2268,56
1683408;2268,56
1683605;2268,56
1686107;2268,56
1691905;2268,56
1693807;2268,56
1711409;2268,56
1718502;2268,56
1719103;2268,56
1728803;2268,56
1730101;2407,43
1731801;2407,43
1737304;2268,56
1738312;2268,56
1738504;2268,56
1739905;2268,56
1741604;2268,56
1742503;2268,56
1752204;2268,56
1772605;2268,56
1773906;2268,56
1776403;2268,56
1781405;2268,56
1787504;2268,56
1787905;2268,56
1795205;2268,56
1797403;2268,56
1806102;2268,56
1807902;2268,56
1808404;2268,56
1809902;2268,56
1816704;2268,56
1818003;2268,56
1824202;2268,56
1849001;2268,56
1849501;2268,56
1859703;2268,56
1866401;2268,56
1889701;2268,56
1890702;2268,56
1897101;2268,56
1897401;2268,56
1898501;2268,56
1898901;2268,56
1899001;2268,56
1899101;2268,56
1899201;2268,56
1919602;2268,56
1931302;2268,56
1932101;2268,56
1959201;2268,56
1959701;2268,56
1960601;2268,56
1960701;2268,56
1960801;2268,56
1961501;2268,56
1961701;2268,56
1961901;2268,56
1962001;2268,56
1964702;2268,56
1970101;2268,56
1971801;2268,56
1972001;2268,56
1990801;2268,56
1995901;2268,56
2011801;2268,56
2013301;2268,56
2018601;2268,56
2018701;2268,56
2036901;2268,56
2037001;2268,56
2987001;3053,18
3022001;3053,18
3737002;2455,56
3740001;2504,67
3741001;2934,62
4074001;3176,52
4207001;3304,86
4330001;2877,07
152401;1673,03
163201;1640,25
165401;1706,5
200001;1576,52
313404;1545,61
559701;1740,64
679802;1515,31
688403;1545,61
827001;1640,25
1102602;1545,61
1110701;1545,61
1111001;1576,52
1139401;1576,52
1413502;1545,61
1491901;1456,48
2217001;2207,53
3547001;1775,45
4543001;1775,45
4714001;1706,5
680706;2025,84
683012;1947,18
760012;2025,84
825501;2327,05
848201;2327,05
851401;2620,63
1116105;2025,84
1138801;2149,81
1268005;2107,69
1293209;1908,97
1468904;2107,69
1472207;1986,11
1473507;1908,97
1492201;2107,69
1584404;2025,84
1736105;1908,97
60902;3153,09
127501;3280,46
146901;3153,09
160601;3346,09
162001;3413
164101;3346,09
164401;3413
164801;3413
165301;3280,46
179701;3413
180201;3413
181501;3413
186401;3413
187301;3413
188801;3413
450201;3550,88
480601;3153,09
484202;3153,09
492501;3346,09
493101;3413
495703;3091,26
499401;2971,23
554901;3346,09
555202;2912,97
555501;4078,85
555601;3998,86
557701;4078,85
559501;3768,23
561601;3550,88
564201;3346,09
569901;3481,24
614402;3153,09
618601;3153,09
631901;3030,66
632101;3153,09
632501;3153,09
632601;3091,26
632701;3153,09
653501;3091,26
653801;3153,09
654202;3091,26
656004;3153,09
657703;3153,09
683702;3153,09
688903;3153,09
696402;3091,26
697207;3091,26
698403;3153,09
719910;3030,66
720802;3153,09
734603;3030,66
803701;4078,85
811201;3550,88
819201;3843,6
819301;3843,6
825401;3413
829401;3768,23
829601;3843,6
842501;3694,33
844201;3280,46
856901;3091,26
858401;3550,88
859201;3550,88
861201;3153,09
862701;3346,09
875801;3091,26
875901;3413
883301;3920,47
885101;3694,33
885901;4160,42
1045601;3030,66
1045801;3153,09
1045901;3091,26
1046101;3153,09
1046301;3153,09
1046801;3153,09
1100401;3153,09
1101302;3091,26
1112302;3030,66
1144706;3091,26
1150414;3091,26
1237101;3091,26
1255003;3091,26
1260602;3091,26
1492701;3091,26
1493601;3091,26
2011001;3216,15
2214001;3768,23
2224001;3413
2666001;3843,6
2835001;3768,23
3010001;3413
3116001;3621,9
3304001;3768,23
3629001;3843,6
3752001;3550,88
3985001;4160,42
4038001;3621,9
4041001;3550,88
4192001;3694,33
4293002;3153,09
4300001;3621,9
4465001;3843,6
4468001;3216,15
4594001;3413
4692001;3550,88
4695001;3550,88
4701001;3694,33
4826001;3280,46
4836001;3694,33
4876001;3768,23
4887001;3998,86
8791101;3481,24
2202;2755,15
2602;2648,15
24508;2701,1
59902;2866,43
81613;2701,1
88403;2701,1
103904;2810,23
123202;2545,32
124315;2648,15
124503;2810,23
143902;2755,15
146302;2648,15
151101;3102,74
151301;2982,23
151901;3102,74
163103;2648,15
163401;2982,23
164201;3102,74
165101;3041,91
178701;3228,07
179201;2648,15
180001;2982,23
181601;3041,91
181901;3228,07
182001;3041,91
182101;3228,07
182301;2982,23
184602;2810,23
186601;3041,91
187101;3102,74
187601;3102,74
187901;2982,23
191201;3102,74
203701;2923,77
222709;2648,15
304902;2866,43
349811;2701,1
359703;2701,1
403101;2545,32
469807;2648,15
480401;2701,1
493401;3102,74
496805;2755,15
499901;2755,15
503603;2648,15
538901;3358,51
553501;2982,23
554601;3102,74
555701;3102,74
555901;3041,91
556101;3164,76
558601;3564,05
558801;3635,35
558901;2923,77
559001;3635,35
561701;3635,35
565701;3425,66
569801;3228,07
571202;2866,43
608811;2755,15
609202;2701,1
610702;2755,15
612502;2755,15
612802;2755,15
613302;2701,1
613410;2648,15
613802;2755,15
614602;2701,1
614702;2810,23
615002;2701,1
615902;2701,1
616202;2810,23
616603;2810,23
617202;2701,1
617402;2648,15
618105;2810,23
618202;2701,1
618301;2866,43
618501;2866,43
618701;2866,43
618901;2866,43
619201;2755,15
619701;2866,43
620101;2596,21
620501;2810,23
631101;2755,15
631801;2866,43
632301;2866,43
632801;2866,43
636113;2810,23
636705;2701,1
653701;2866,43
654303;2810,23
654402;2810,23
654902;2701,1
655611;2701,1
655803;2866,43
655917;2701,1
656208;2701,1
656502;2866,43
656603;2866,43
657303;2701,1
657402;2866,43
659311;2701,1
660312;2810,23
660413;2648,15
660811;2810,23
661106;2810,23
661806;2810,23
662107;2810,23
669012;2648,15
672907;2701,1
674304;2648,15
674602;2866,43
674811;2648,15
675402;2648,15
676106;2755,15
679308;2596,21
679902;2701,1
682903;2648,15
683613;2596,21
684503;2866,43
685710;2701,1
686503;2755,15
686803;2866,43
686911;2701,1
687204;2866,43
687304;2701,1
687604;2866,43
690501;2701,1
690808;2810,23
691314;2648,15
692403;2810,23
692611;2701,1
694510;2755,15
695316;2701,1
695710;2810,23
697809;2648,15
699507;2810,23
719510;2755,15
721506;2866,43
728703;2755,15
728914;2701,1
745701;2866,43
752401;2866,43
768003;2866,43
782410;2810,23
787602;2866,43
793711;2810,23
796813;2755,15
798117;2810,23
802401;3228,07
804301;3228,07
804701;3635,35
805501;3635,35
805901;2923,77
811101;3164,76
811601;3041,91
814201;3164,76
814401;3425,66
824901;2982,23
830301;3102,74
830501;3564,05
834201;3292,66
848401;3425,66
850001;2810,23
858301;2923,77
859903;2701,1
863302;2810,23
864021;2701,1
864201;3228,07
864501;3164,76
866406;2701,1
867801;3164,76
868001;3228,07
868307;2810,23
868702;2866,43
871009;2810,23
871807;2755,15
873001;3228,07
873101;2982,23
874101;3564,05
876801;2923,77
877401;3425,66
879801;2755,15
882402;2755,15
882501;3564,05
987803;2701,1
1028402;2755,15
1046701;2866,43
1054903;2701,1
1060803;2701,1
1088812;2701,1
1100201;2810,23
1100902;2596,21
1101904;2810,23
1102202;2810,23
1102302;2755,15
1102502;2755,15
1103102;2810,23
1111101;2755,15
1112102;2810,23
1112805;2755,15
1113103;2755,15
1113602;2701,1
1115507;2810,23
1116605;2810,23
1120506;2810,23
1122507;2810,23
1122918;2701,1
1128503;2810,23
1128903;2755,15
1129203;2701,1
1136512;2701,1
1139301;2866,43
1141402;2755,15
1141602;2755,15
1142602;2810,23
1147404;2810,23
1155105;2810,23
1175807;2701,1
1184113;2701,1
1188908;2755,15
1189105;2810,23
1191507;2701,1
1196106;2810,23
1196207;2755,15
1196314;2755,15
1196404;2648,15
1221503;2596,21
1231802;2648,15
1233402;2810,23
1252506;2810,23
1253907;2701,1
1256707;2701,1
1264505;2755,15
1264913;2701,1
1266101;2810,23
1267208;2755,15
1267908;2810,23
1270204;2701,1
1283807;2701,1
1287515;2701,1
1321204;2810,23
1325202;2755,15
1333108;2755,15
1333906;2810,23
1337809;2701,1
1340304;2755,15
1344302;2755,15
1349209;2701,1
1357208;2701,1
1360415;2545,32
1382102;2810,23
1383802;2701,1
1385306;2755,15
1395504;2810,23
1395908;2701,1
1415203;2701,1
1415805;2755,15
1415902;2810,23
1421104;2648,15
1428404;2701,1
1439604;2596,21
1447806;2755,15
1458402;2755,15
1461010;2648,15
1491207;2701,1
1491307;2701,1
1492501;2755,15
1493001;2755,15
1493701;2810,23
1494801;2810,23
1495201;2701,1
1502801;2810,23
1503201;3041,91
1503307;2701,1
1503401;2810,23
1503906;2701,1
1523201;2810,23
1527909;2701,1
1532206;2810,23
1553601;2810,23
1555001;2810,23
1566701;2755,15
1567701;2810,23
1568001;2810,23
1571402;2545,32
1588301;2810,23
1588401;2810,23
1590904;2701,1
1603406;2545,32
1615201;2755,15
1620501;2701,1
1626003;2701,1
1628301;2755,15
1638801;2755,15
1638901;2755,15
1639201;2755,15
1641007;2545,32
1664702;2648,15
1671302;2701,1
1677707;2545,32
1682001;2755,15
1682904;2545,32
1730201;2701,1
1730701;2701,1
1730901;2701,1
1731101;2701,1
1731301;2701,1
1732001;2596,21
1732101;2701,1
1737502;2545,32
1759701;2701,1
1797502;2545,32
1846101;2545,32
1846301;2545,32
1846501;2545,32
1856601;2545,32
1863402;2545,32
1990001;4013,7
2273001;3228,07
2296001;2982,23
2785001;3041,91
2798001;3102,74
2861001;3228,07
2933001;3102,74
2988003;3564,05
2992001;3292,66
3367001;3708,03
3442001;3494,16
3589001;3228,07
3590001;3164,76
3704001;2982,23
4040001;3228,07
4043001;3358,51
4077001;3564,05
4294001;3292,66
4600201;3425,66
4644001;3041,91
8793501;3425,66
63501;1993,48
452502;1701,43
560401;1916,06
681208;1701,43
869201;1916,06
1045301;1735,45
1061620;1701,43
1089309;1701,43
1150615;1701,43
1184412;1701,43
1350006;1878,5
1471913;1735,45
1489304;1701,43
1552103;1701,43
1580305;1735,45
1664505;1701,43
1666306;1701,43
1677607;1701,43
1731901;1841,66
1755408;1701,43
1762805;1701,43
1771804;1701,43
1805105;1701,43
1806403;1701,43
1832104;1701,43
1838603;1701,43
1858308;1701,43
1859902;1701,43
1861006;1701,43
1865304;1701,43
1869104;1701,43
1878702;1701,43
1912001;1701,43
1920502;1701,43
1956004;1701,43
1962201;1701,43
1962301;1701,43
1962401;1701,43
1967202;1701,43
1973802;1701,43
2010702;1701,43
2012101;1701,43
2013101;1701,43
2018001;1701,43
2018901;1701,43
2019501;1701,43
2020904;1701,43
2022101;1701,43
2022201;1701,43
2037101;1701,43
2037201;1701,43
2037601;1701,43
2039901;1701,43
182201;2186,4
566501;2511,5
814301;2718,51
2998001;2060,31
3043001;2366,63
3126001;2060,31
3754001;2320,22
3977001;2366,63
4463001;2143,53
4478001;2060,31
4542001;2230,13
4847001;2612,94
4871001;2413,97
8790501;2561,73
1139701;4221,37
1121202;3975,24
1139101;3750,22
1304103;3822,35
1434201;3975,24
1434501;3975,24
1435201;3605,97
1448901;3822,35
1139601;3750,22
1434101;3750,22
1434301;3975,24
1435101;3975,24
1448701;3975,24
1937001;3467,3
1938001;3467,3
1995501;3467,3
554301;2504,67
4251001;2765,35
49901;2982,23
159301;2923,77
159801;3102,74
160001;3102,74
539201;1405,13
554001;1551,35
554201;3041,91
554401;3102,74
620901;1433,23
914507;2495,39
1044901;2810,23
1155202;2495,39
1275509;1247,7
1340416;2495,39
1348205;1324,08
1471707;2545,32
1512301;2701,1
1567402;2495,39
1608210;2495,39
1728505;1247,7
1759901;1324,08
1764501;2648,15
1803605;2495,39
1910101;2495,39
2058001;3041,91
4727001;2810,23
8791701;1350,56
159101;3413
159501;3413
160301;3091,26
556901;3413
620801;2912,97
665610;2912,97
666604;3153,09
704901;3153,09
793603;2971,23
832401;3346,09
853101;3413
902801;3153,09
902901;3030,66
1045001;3030,66
1139001;1576,52
1260904;2799,86
1264304;3030,66
1803702;2799,86
1849101;2799,86
1855501;2799,86
3082001;3413
4060001;3413
4873001;3413
159401;3754,3
704801;3468,39
749402;2605,85
25210;2495,39
127601;2923,77
150101;2866,43
616506;2495,39
620601;2866,43
664406;2495,39
664807;2810,23
666807;2701,1
668610;2495,39
671417;2495,39
690701;1405,13
697412;2495,39
760108;1272,66
772106;2648,15
788514;2495,39
1004909;2755,15
1010806;1272,66
1112503;2495,39
1117018;2495,39
1141303;2495,39
1143003;2495,39
1189511;2495,39
1229104;2495,39
1264006;2495,39
1267111;2495,39
1361405;2495,39
1432206;1247,7
1583705;2545,32
1671506;2495,39
1674604;1272,66
1807104;2495,39
1808105;2495,39
1899803;2495,39
1912301;2495,39
1912501;2495,39
1947901;2495,39
1961301;2495,39
1961801;2495,39
1982801;2495,39
2034901;2495,39
2035001;2495,39
4126001;2866,43
146703;1399,93
150201;3413
150401;3280,46
150503;3091,26
187705;1399,93
435901;3346,09
515901;3153,09
629901;3030,66
654101;3153,09
664903;3030,66
665003;3153,09
665203;3153,09
694806;1456,48
804601;3413
851302;3091,26
855601;3413
1045702;3030,66
1099901;3153,09
1424906;2799,86
1432103;2912,97
4877001;3346,09
631602;3468,39
671703;3468,39
2797001;3680,69
567701;1430,89
443601;2592,02
457401;2491,37
4045001;3036,97
4097001;2541,17
683519;1829,48
1204704;1829,48
1299109;1829,48
1867305;1829,48
1870004;1829,48
1920304;1829,48
1930103;1829,48
1949604;1829,48
1950903;1829,48
1952303;1829,48
1973002;1829,48
1982902;1829,48
1998602;1829,48
1999702;1829,48
2014701;1829,48
2015201;1829,48
2016601;1829,48
2017101;1829,48
2017202;1829,48
2020102;1829,48
2020301;1829,48
2020501;1829,48
2021601;1829,48
2023401;1829,48
2023801;1829,48
2024102;1829,48
2024301;1829,48
2025202;1829,48
2025301;1829,48
2025502;1829,48
2028001;1829,48
1583409;1372,11
1985805;1372,11
2007801;1372,11
2014201;1372,11
2020401;1372,11
2025001;1372,11
2036001;1372,11
678519;914,74
729006;914,74
1147711;914,74
1174704;914,74
1309403;914,74
1739407;914,74
1739408;914,74
1858204;914,74
1868604;914,74
1902502;914,74
1902503;914,74
1936302;914,74
1937709;914,74
1937710;914,74
1940203;914,74
1972104;914,74
1973102;914,74
1975602;914,74
1993705;914,74
2016002;914,74
2016301;914,74
2017901;914,74
2020701;914,74
2021701;914,74
2021801;914,74
2022902;914,74
2024901;914,74
2025701;914,74
2025703;914,74
2030701;914,74
2031301;914,74
2031602;914,74
2037801;914,74
429103;457,39
429104;457,39
678518;457,39
1579105;457,39
1973103;457,39
1974303;457,39
1978205;457,39
1978206;457,39
1993704;457,39
2016001;457,39
2022701;457,39
2022903;457,39
2023101;457,39
2024701;457,39
2028101;457,39
2032401;457,39
19725;2268,56
36024;2268,56
61312;2268,56
139917;2268,56
287223;2268,56
455011;2268,56
480815;2268,56
546216;2268,56
615822;2268,56
656422;2268,56
658015;2268,56
665819;2268,56
666715;2268,56
668414;2268,56
688217;2268,56
693414;2268,56
697121;2268,56
698025;2268,56
714315;2268,56
760328;2268,56
789723;2268,56
930914;2268,56
988506;2268,56
1026826;2268,56
1093509;2268,56
1131321;2268,56
1140705;2268,56
1144109;2268,56
1145215;2268,56
1146814;2268,56
1147513;2268,56
1149720;2268,56
1159518;2268,56
1168613;2268,56
1189410;2268,56
1189711;2268,56
1207808;2268,56
1255415;2268,56
1264714;2268,56
1266511;2268,56
1287914;2268,56
1289717;2268,56
1291524;2268,56
1292720;2268,56
1316716;2268,56
1328015;2268,56
1328214;2268,56
1334716;2268,56
1338913;2268,56
1355413;2268,56
1361819;2268,56
1376213;2268,56
1388818;2268,56
1389913;2268,56
1395119;2268,56
1401612;2268,56
1428515;2268,56
1430912;2268,56
1431111;2268,56
1472510;2268,56
1497909;2268,56
1500509;2268,56
1500917;2268,56
1505615;2268,56
1506809;2268,56
1507510;2268,56
1512013;2268,56
1515212;2268,56
1528114;2268,56
1531809;2268,56
1531907;2268,56
1537212;2268,56
1556209;2268,56
1562809;2268,56
1573010;2268,56
1575510;2268,56
1576908;2268,56
1578814;2268,56
1581013;2268,56
1582108;2268,56
1582310;2268,56
1588011;2268,56
1590407;2268,56
1623411;2268,56
1639909;2268,56
1640210;2268,56
1641509;2268,56
1643909;2268,56
1644708;2268,56
1645609;2268,56
1665808;2268,56
1665910;2268,56
1676310;2268,56
1676505;2268,56
1704108;2268,56
1705308;2268,56
1708405;2268,56
1715408;2268,56
1727602;2268,56
1727708;2268,56
1733905;2268,56
1742605;2268,56
1746606;2268,56
1749309;2268,56
1750906;2268,56
1751705;2268,56
1752303;2268,56
1754003;2268,56
1762707;2268,56
1771307;2268,56
1780911;2268,56
1781604;2268,56
1782906;2268,56
1794605;2268,56
1810805;2268,56
1811905;2268,56
1814605;2268,56
1815005;2268,56
1815506;2268,56
1822011;2268,56
1835907;2268,56
1839305;2268,56
1860804;2268,56
1862003;2268,56
1862204;2268,56
1862804;2268,56
1869804;2268,56
1873904;2268,56
1875305;2268,56
1890405;2268,56
1901606;2268,56
1921603;2268,56
1927202;2268,56
1932303;2268,56
1932804;2268,56
1935804;2268,56
1940502;2268,56
1949404;2268,56
1950002;2268,56
1952803;2268,56
1966201;2268,56
1970702;2268,56
1974205;2268,56
1981503;2268,56
1981902;2268,56
1982302;2268,56
1998803;2268,56
2001402;2268,56
2005203;2268,56
2007401;2268,56
2008401;2268,56
2008501;2268,56
2008701;2268,56
2008901;2268,56
2009001;2268,56
2009201;2268,56
2010401;2268,56
2010501;2268,56
2010801;2268,56
2011201;2268,56
2011301;2268,56
2011401;2268,56
2011501;2268,56
2014301;2268,56
2014601;2268,56
2014901;2268,56
2015301;2268,56
2015402;2268,56
2016701;2268,56
2016801;2268,56
2017401;2268,56
2017801;2268,56
2021501;2268,56
2023501;2268,56
2023901;2268,56
2025101;2268,56
2028301;2268,56
2038201;2268,56
2040401;2268,56
2090022;2268,56
1189622;1701,43
1236512;1701,43
1385915;1701,43
1677010;1701,43
1739806;1701,43
1742015;1701,43
1783302;1701,43
1801008;1701,43
1806803;1701,43
1865205;1701,43
1870305;1701,43
1878106;1701,43
1897304;1701,43
1941006;1701,43
1964802;1701,43
1965802;1701,43
1973202;1701,43
2005302;1701,43
2008101;1701,43
2015101;1701,43
2015901;1701,43
2016102;1701,43
2031402;1701,43
2032302;1701,43
2034301;1701,43
100616;1134,27
347104;1134,27
470014;1134,27
470015;1134,27
480923;1134,27
632206;1134,27
673622;1134,27
673623;1134,27
693313;1134,27
694223;1134,27
696830;1134,27
698520;1134,27
698620;1134,27
720122;1134,27
720123;1134,27
768518;1134,27
906402;1134,27
906404;1134,27
963125;1134,27
980619;1134,27
980915;1134,27
1036331;1134,27
1065223;1134,27
1110809;1134,27
1129823;1134,27
1169022;1134,27
1169111;1134,27
1195415;1134,27
1252709;1134,27
1287316;1134,27
1292607;1134,27
1313317;1134,27
1313319;1134,27
1332113;1134,27
1332114;1134,27
1344823;1134,27
1360519;1134,27
1360520;1134,27
1369812;1134,27
1374208;1134,27
1394514;1134,27
1413315;1134,27
1433917;1134,27
1433918;1134,27
1460918;1134,27
1462607;1134,27
1472408;1134,27
1476415;1134,27
1476416;1134,27
1499808;1134,27
1504510;1134,27
1505906;1134,27
1525009;1134,27
1550014;1134,27
1560007;1134,27
1561604;1134,27
1569606;1134,27
1570411;1134,27
1576709;1134,27
1576710;1134,27
1581909;1134,27
1583115;1134,27
1585203;1134,27
1586112;1134,27
1586113;1134,27
1587313;1134,27
1587314;1134,27
1601408;1134,27
1601410;1134,27
1606709;1134,27
1606710;1134,27
1615713;1134,27
1615715;1134,27
1619803;1134,27
1625305;1134,27
1625306;1134,27
1648208;1134,27
1664816;1134,27
1669509;1134,27
1671713;1134,27
1671714;1134,27
1673910;1134,27
1675910;1134,27
1675911;1134,27
1677408;1134,27
1706811;1134,27
1712808;1134,27
1713212;1134,27
1715808;1134,27
1731703;1134,27
1733007;1134,27
1733305;1134,27
1735206;1134,27
1744107;1134,27
1747207;1134,27
1748507;1134,27
1748903;1134,27
1757305;1134,27
1757306;1134,27
1772908;1134,27
1776214;1134,27
1776215;1134,27
1779403;1134,27
1782609;1134,27
1782610;1134,27
1786104;1134,27
1786105;1134,27
1801805;1134,27
1810605;1134,27
1810903;1134,27
1811104;1134,27
1811307;1134,27
1814904;1134,27
1814905;1134,27
1815207;1134,27
1828907;1134,27
1839907;1134,27
1848803;1134,27
1860706;1134,27
1861502;1134,27
1873603;1134,27
1878005;1134,27
1879506;1134,27
1880506;1134,27
1880704;1134,27
1881105;1134,27
1881205;1134,27
1888806;1134,27
1906104;1134,27
1906105;1134,27
1919804;1134,27
1920204;1134,27
1921103;1134,27
1925203;1134,27
1926005;1134,27
1927104;1134,27
1927705;1134,27
1930206;1134,27
1931004;1134,27
1950605;1134,27
1955404;1134,27
1955405;1134,27
1964602;1134,27
1967402;1134,27
1970603;1134,27
1972902;1134,27
1992206;1134,27
1997102;1134,27
1999002;1134,27
1999003;1134,27
2004202;1134,27
2007501;1134,27
2008001;1134,27
2008002;1134,27
2008201;1134,27
2008301;1134,27
2009401;1134,27
2009801;1134,27
2009901;1134,27
2010001;1134,27
2010901;1134,27
2015602;1134,27
2015603;1134,27
2015801;1134,27
2016501;1134,27
2017501;1134,27
2017702;1134,27
2019603;1134,27
2019604;1134,27
2020002;1134,27
2022603;1134,27
2023702;1134,27
2025402;1134,27
2028202;1134,27
2030502;1134,27
2030801;1134,27
2032502;1134,27
2032601;1134,27
2032701;1134,27
2034201;1134,27
2038001;1134,27
347105;567,16
685012;567,16
720720;567,16
1169411;567,16
1169413;567,16
1189623;567,16
1256204;567,16
1499108;567,16
1525007;567,16
1552012;567,16
1600708;567,16
1624305;567,16
1666208;567,16
1666209;567,16
1667910;567,16
1675710;567,16
1677009;567,16
1677407;567,16
1736109;567,16
1749606;567,16
1805504;567,16
1806804;567,16
1856804;567,16
1856805;567,16
1858307;567,16
1878004;567,16
1879507;567,16
1918104;567,16
1930207;567,16
1964603;567,16
1964803;567,16
1967003;567,16
2007701;567,16
2015501;567,16
2015502;567,16
2015802;567,16
2015902;567,16
2022601;567,16
2022604;567,16
2022801;567,16
2025401;567,16
2035901;567,16
162401;850,08
76201;1430,69
103301;1547,44
129601;1547,44
130001;1430,69
130601;1430,69
130701;1487,92
132001;1430,69
132101;1430,69
132401;1430,69
133101;1430,69
134301;1487,92
136001;1430,69
137101;1547,44
143801;1430,69
163701;1430,69
178501;1430,69
179301;1430,69
180501;1547,44
266302;1375,66
352501;1430,69
399906;1430,69
562201;1547,44
563403;1430,69
572501;1547,44
637402;1322,75
638102;1322,75
638302;1322,75
643202;1322,75
646302;1322,75
649802;1375,66
727601;1430,69
727801;1375,66
728101;1322,75
728201;1322,75
728401;1322,75
728601;1322,75
729701;1322,75
729901;1322,75
730901;1322,75
731801;1375,66
731901;1375,66
732001;1375,66
732201;1322,75
732701;1430,69
733101;1322,75
733901;1375,66
735101;1375,66
736101;1375,66
736201;1322,75
736501;1322,75
736601;1430,69
736701;1375,66
737101;1322,75
737201;1322,75
737701;1375,66
738001;1322,75
738401;1322,75
738601;1322,75
739001;1322,75
739401;1322,75
740001;1430,69
740301;1430,69
740401;1322,75
740501;1322,75
741001;1322,75
741201;1322,75
741501;1430,69
743301;1322,75
749202;1375,66
754901;1322,75
756904;1375,66
762301;1322,75
766704;1322,75
767002;1322,75
800201;1430,69
800701;1487,92
800801;1430,69
801501;1430,69
802201;1430,69
833401;1487,92
841001;1430,69
850101;1375,66
850501;1322,75
856501;1547,44
857601;1375,66
858201;1375,66
879401;1430,69
881901;1487,92
884401;1547,44
886501;1547,44
887101;1430,69
916701;1487,92
1089501;1375,66
1118801;1375,66
1119601;1375,66
1154701;1375,66
1156701;1322,75
1157601;1375,66
1158101;1322,75
1275001;1547,44
2934001;1547,44
3314001;1487,92
3539001;1609,33
3779001;1487,92
4032001;1487,92
4224001;1609,33
4253001;1487,92
4757001;1547,44
4827001;1547,44
4830001;1547,44
4883001;1609,33
8791201;1430,69
663304;1322,75
1694405;1839,43
1801;2027,42
2101;1749,26
2701;1987,66
2801;2027,42
40503;1800,29
50802;1873,02
57106;1696,45
68403;1696,45
71804;1730,38
80812;1696,45
106709;1873,02
112002;1873,02
120501;1948,69
120701;1764,99
120801;1987,66
121201;1681,34
122501;1784,25
122601;2027,42
123301;1873,02
123401;1987,66
124101;1784,25
124201;1749,26
128801;1749,26
136601;1987,66
136801;2027,42
149701;1681,34
165202;1764,99
192202;1730,38
205402;1873,02
273704;1696,45
293015;1873,02
302002;1800,29
304208;1696,45
337402;1730,38
340902;1836,29
371706;1696,45
435001;1784,25
435101;1764,99
464405;1873,02
473203;1730,38
479104;1836,29
541908;1730,38
610301;1873,02
612301;1836,29
612401;1836,29
612601;1873,02
612701;1648,37
612901;1836,29
614001;1648,37
614101;1873,02
614501;1873,02
614801;1873,02
615401;1800,29
615601;1873,02
616101;1800,29
616401;1873,02
617001;1492,98
617501;1836,29
617601;1764,99
617901;1873,02
635920;1696,45
636807;1800,29
654601;1836,29
654801;1764,99
661006;1873,02
661703;1873,02
662405;1836,29
669706;1696,45
684003;1730,38
685605;1696,45
693607;1696,45
696218;1696,45
698104;1800,29
699418;1730,38
705001;1800,29
732302;1696,45
733002;1696,45
735202;1836,29
736802;1764,99
740802;1836,29
745301;1696,45
745401;1836,29
749320;1696,45
770217;1696,45
772512;1696,45
781504;1836,29
807202;1696,45
807901;1681,34
815801;1836,29
821301;2067,96
829102;1730,38
841502;1873,02
847802;1696,45
848806;1696,45
859601;1730,38
873201;1749,26
880601;1616,05
880701;2027,42
883101;1784,25
885601;1681,34
885801;1948,69
915108;1696,45
919803;1696,45
925205;1696,45
932012;1836,29
945406;1696,45
961204;1696,45
982208;1696,45
986510;1696,45
993306;1696,45
1010508;1730,38
1011015;1696,45
1029404;1764,99
1061802;1873,02
1081803;1730,38
1082102;1873,02
1092606;1764,99
1093106;1836,29
1095107;1873,02
1098812;1696,45
1098915;1730,38
1102401;1616,05
1111201;1873,02
1111601;1730,38
1111805;1730,38
1112001;1492,98
1112201;1616,05
1112401;1873,02
1112701;1873,02
1113001;1873,02
1113301;1836,29
1117904;1584,36
1118010;1696,45
1122012;1696,45
1137011;1696,45
1141501;1648,37
1142101;1873,02
1142201;1873,02
1142301;1873,02
1142901;1648,37
1144307;1696,45
1146101;1730,38
1155705;1696,45
1158913;1696,45
1168706;1696,45
1175307;1696,45
1175502;1696,45
1178606;1873,02
1183506;1696,45
1185602;1648,37
1191103;1616,05
1191214;1730,38
1227712;1730,38
1231901;1836,29
1232201;1836,29
1232301;1873,02
1232701;1553,29
1232801;1873,02
1232901;1616,05
1233101;1873,02
1233201;1800,29
1233301;1836,29
1233501;1836,29
1233701;1553,29
1233801;1873,02
1233901;1522,84
1234201;1873,02
1234601;1873,02
1250307;1696,45
1259611;1696,45
1266702;1873,02
1269009;1696,45
1273903;1873,02
1284908;1873,02
1286707;1696,45
1287614;1696,45
1288610;1730,38
1288802;1800,29
1289108;1696,45
1289207;1730,38
1289302;1730,38
1289803;1873,02
1289905;1696,45
1290104;1764,99
1290715;1696,45
1292905;1696,45
1293410;1730,38
1293611;1696,45
1298413;1696,45
1302514;1696,45
1309611;1730,38
1320012;1696,45
1324306;1873,02
1327806;1873,02
1331511;1696,45
1334905;1696,45
1338314;1696,45
1339214;1730,38
1339602;1764,99
1340607;1836,29
1346301;1836,29
1346401;1616,05
1346501;1584,36
1346601;1836,29
1348604;1836,29
1348804;1800,29
1349809;1730,38
1354510;1730,38
1355607;1696,45
1356213;1696,45
1356411;1730,38
1356910;1730,38
1360612;1696,45
1361313;1730,38
1361614;1696,45
1362413;1696,45
1373604;1873,02
1374305;1696,45
1377806;1696,45
1379004;1696,45
1381601;1616,05
1381801;1553,29
1381901;1873,02
1382001;1836,29
1382401;1873,02
1382501;1584,36
1382601;1873,02
1382801;1648,37
1382901;1584,36
1383101;1836,29
1383301;1800,29
1383401;1764,99
1383701;1873,02
1388112;1730,38
1389306;1696,45
1389604;1696,45
1391901;1616,05
1392503;1730,38
1398710;1696,45
1399002;1730,38
1400717;1696,45
1404013;1696,45
1416003;1836,29
1416109;1730,38
1416604;1800,29
1416803;1836,29
1416915;1696,45
1417106;1836,29
1417208;1696,45
1422307;1873,02
1422505;1873,02
1422802;1696,45
1422904;1764,99
1423202;1764,99
1423604;1836,29
1429002;1873,02
1429303;1873,02
1429406;1730,38
1429502;1873,02
1432012;1730,38
1432507;1873,02
1434002;1873,02
1442102;1836,29
1442408;1696,45
1443702;1696,45
1444609;1873,02
1444812;1696,45
1445011;1730,38
1445312;1730,38
1445402;1873,02
1445502;1873,02
1449906;1730,38
1450005;1764,99
1450904;1873,02
1457307;1696,45
1458607;1764,99
1460204;1696,45
1462506;1873,02
1476702;1800,29
1484007;1873,02
1487505;1696,45
1487703;1696,45
1491103;1836,29
1493404;1730,38
1493801;1836,29
1493901;1873,02
1494001;1800,29
1494101;1873,02
1494301;1873,02
1494401;1873,02
1494504;1836,29
1494601;1873,02
1494701;1873,02
1495001;1696,45
1496101;1730,38
1496501;1696,45
1496601;1873,02
1497001;1836,29
1499504;1873,02
1499604;1836,29
1500106;1730,38
1500209;1696,45
1500306;1696,45
1500605;1873,02
1503601;1836,29
1505107;1696,45
1505312;1730,38
1505807;1730,38
1506515;1696,45
1511108;1730,38
1512608;1696,45
1512710;1696,45
1526004;1873,02
1531410;1730,38
1532006;1836,29
1546807;1730,38
1549603;1800,29
1550306;1730,38
1552704;1696,45
1552807;1696,45
1553109;1696,45
1553310;1730,38
1553411;1696,45
1554308;1696,45
1554901;1873,02
1555103;1836,29
1555702;1730,38
1558101;1800,29
1558504;1730,38
1559209;1696,45
1563003;1836,29
1568803;1836,29
1568903;1873,02
1569406;1730,38
1569803;1800,29
1570005;1696,45
1570702;1873,02
1572104;1873,02
1572803;1873,02
1573407;1696,45
1576204;1696,45
1576409;1696,45
1577407;1696,45
1577602;1696,45
1578105;1696,45
1580704;1696,45
1580906;1730,38
1581206;1730,38
1581303;1873,02
1581706;1730,38
1581809;1696,45
1582003;1800,29
1582203;1800,29
1582806;1696,45
1583007;1696,45
1583209;1696,45
1585807;1730,38
1585902;1873,02
1587402;1873,02
1587507;1696,45
1587807;1696,45
1590803;1800,29
1595104;1730,38
1596411;1696,45
1601507;1696,45
1603605;1696,45
1606003;1873,02
1606205;1730,38
1606409;1696,45
1609103;1873,02
1609502;1800,29
1609608;1696,45
1613305;1696,45
1615105;1696,45
1615305;1730,38
1615409;1696,45
1621802;1696,45
1623307;1696,45
1623603;1873,02
1623903;1800,29
1624003;1800,29
1624509;1696,45
1624807;1730,38
1625202;1800,29
1626202;1873,02
1627306;1730,38
1639606;1696,45
1639702;1836,29
1641207;1696,45
1642506;1696,45
1643108;1696,45
1643506;1730,38
1644206;1696,45
1644306;1696,45
1644406;1730,38
1645410;1696,45
1645705;1730,38
1645906;1730,38
1646007;1696,45
1646208;1696,45
1646305;1696,45
1647002;1873,02
1647503;1730,38
1647606;1730,38
1647902;1836,29
1648102;1836,29
1657101;1873,02
1657201;1873,02
1657301;1873,02
1657501;1873,02
1657601;1873,02
1657701;1800,29
1657801;1800,29
1658001;1764,99
1658101;1836,29
1658201;1800,29
1658301;1696,45
1658401;1873,02
1658501;1800,29
1658601;1873,02
1658701;1873,02
1658901;1873,02
1659101;1836,29
1659201;1730,38
1659301;1873,02
1659401;1800,29
1659501;1873,02
1660505;1696,45
1660805;1730,38
1661606;1696,45
1661704;1730,38
1661805;1730,38
1662205;1730,38
1662405;1696,45
1663305;1696,45
1664004;1730,38
1665005;1696,45
1665104;1730,38
1665404;1696,45
1666407;1696,45
1666504;1730,38
1667307;1696,45
1668605;1696,45
1668807;1696,45
1669305;1696,45
1669404;1730,38
1669607;1696,45
1675205;1730,38
1675406;1696,45
1678505;1730,38
1678801;1800,29
1679501;1873,02
1680205;1730,38
1680406;1696,45
1682606;1696,45
1686705;1730,38
1689101;1800,29
1689204;1696,45
1691601;1873,02
1702106;1696,45
1702506;1696,45
1702705;1696,45
1703004;1696,45
1703306;1730,38
1703504;1730,38
1703705;1730,38
1707207;1696,45
1707305;1730,38
1707405;1730,38
1707504;1730,38
1707704;1696,45
1707806;1696,45
1708105;1696,45
1708505;1696,45
1708805;1696,45
1709105;1730,38
1709208;1696,45
1709506;1696,45
1713805;1696,45
1713905;1696,45
1714108;1696,45
1715205;1730,38
1715307;1696,45
1716004;1696,45
1716304;1730,38
1718008;1696,45
1718105;1696,45
1719206;1696,45
1720102;1730,38
1724204;1730,38
1724306;1696,45
1724404;1730,38
1724504;1696,45
1724606;1696,45
1724705;1696,45
1724904;1730,38
1725005;1696,45
1725105;1696,45
1725306;1696,45
1725506;1696,45
1725605;1696,45
1725705;1696,45
1726103;1696,45
1726205;1696,45
1726504;1696,45
1726705;1696,45
1726804;1730,38
1727004;1730,38
1727105;1696,45
1728004;1696,45
1728205;1696,45
1728605;1696,45
1733603;1730,38
1733703;1696,45
1734003;1696,45
1734104;1696,45
1734205;1696,45
1734303;1696,45
1734404;1696,45
1734505;1696,45
1734603;1730,38
1734802;1696,45
1735403;1696,45
1735504;1696,45
1735605;1696,45
1736003;1696,45
1736303;1730,38
1736403;1730,38
1736602;1730,38
1736703;1730,38
1737405;1696,45
1737602;1696,45
1738405;1696,45
1741703;1730,38
1742104;1730,38
1742304;1696,45
1742806;1696,45
1742905;1696,45
1743203;1730,38
1744804;1696,45
1745803;1730,38
1746703;1730,38
1747103;1696,45
1747505;1696,45
1747805;1696,45
1750705;1696,45
1751203;1730,38
1751404;1730,38
1751602;1696,45
1751805;1696,45
1752003;1696,45
1752407;1696,45
1752505;1696,45
1752705;1696,45
1752904;1730,38
1753904;1696,45
1754405;1696,45
1755105;1696,45
1755304;1696,45
1758806;1696,45
1759008;1696,45
1761104;1696,45
1765104;1696,45
1765404;1696,45
1767507;1696,45
1767603;1730,38
1767804;1696,45
1768204;1696,45
1773003;1696,45
1773403;1730,38
1773505;1696,45
1773702;1696,45
1774205;1696,45
1774404;1696,45
1774603;1696,45
1776005;1696,45
1777103;1696,45
1778203;1730,38
1778603;1696,45
1778703;1696,45
1779203;1730,38
1779503;1696,45
1779603;1696,45
1779702;1730,38
1779803;1730,38
1779905;1696,45
1781105;1730,38
1781203;1730,38
1781805;1696,45
1782304;1696,45
1782404;1696,45
1782505;1696,45
1783604;1696,45
1783905;1696,45
1784205;1696,45
1785005;1696,45
1785103;1696,45
1786302;1730,38
1788103;1730,38
1794702;1730,38
1794803;1696,45
1795403;1696,45
1795502;1696,45
1795702;1730,38
1795902;1730,38
1796002;1730,38
1796602;1730,38
1796702;1696,45
1796802;1696,45
1796902;1730,38
1797202;1696,45
1797304;1696,45
1798302;1730,38
1799102;1730,38
1799202;1696,45
1799302;1730,38
1799402;1730,38
1799604;1696,45
1799802;1730,38
1800002;1730,38
1800103;1696,45
1800402;1730,38
1802002;1730,38
1802102;1696,45
1802202;1696,45
1802502;1696,45
1803202;1730,38
1804402;1730,38
1806304;1696,45
1807304;1696,45
1808903;1696,45
1811005;1696,45
1811402;1730,38
1811502;1730,38
1817104;1696,45
1818102;1696,45
1821604;1696,45
1823202;1696,45
1824105;1696,45
1829504;1696,45
1833004;1696,45
1833102;1696,45
1835102;1730,38
1835502;1696,45
1835603;1696,45
1839402;1696,45
1839602;1696,45
1839802;1696,45
1840002;1696,45
1840305;1696,45
1842501;1730,38
1842701;1730,38
1842801;1730,38
1842901;1730,38
1843001;1730,38
1843201;1696,45
1843301;1730,38
1843401;1730,38
1843501;1730,38
1844001;1730,38
1844401;1730,38
1844601;1730,38
1844701;1730,38
1844801;1730,38
1844901;1730,38
1845101;1730,38
1845201;1730,38
1845301;1696,45
1845401;1730,38
1845501;1730,38
1845801;1730,38
1846001;1696,45
1846601;1730,38
1846701;1730,38
1846901;1696,45
1847001;1730,38
1847301;1730,38
1847401;1730,38
1849301;1730,38
1849401;1730,38
1849701;1730,38
1850901;1730,38
1851201;1696,45
1851301;1730,38
1851601;1696,45
1851701;1730,38
1851801;1730,38
1852001;1730,38
1852101;1730,38
1852201;1696,45
1852401;1730,38
1852501;1730,38
1852701;1730,38
1855701;1730,38
1855801;1696,45
1855901;1730,38
1856101;1696,45
1856201;1730,38
1865701;1730,38
1865801;1730,38
1865901;1730,38
1866001;1730,38
1866101;1730,38
1866201;1696,45
1866501;1696,45
1867503;1696,45
1867801;1696,45
1870601;1696,45
1870901;1696,45
1871903;1696,45
1872203;1696,45
1873802;1696,45
1874002;1696,45
1874101;1696,45
1875701;1730,38
1877903;1696,45
1883403;1696,45
1883503;1696,45
1884104;1696,45
1885203;1696,45
1885303;1696,45
1887803;1696,45
1887904;1696,45
1893003;1696,45
1895304;1696,45
1897804;1696,45
1900503;1696,45
1900704;1696,45
1901804;1696,45
1901903;1696,45
1902002;1696,45
1902103;1696,45
1902603;1696,45
1902802;1696,45
1903003;1696,45
1903102;1696,45
1904103;1696,45
1904303;1696,45
1904802;1696,45
1904903;1696,45
1905303;1696,45
1905504;1696,45
1905704;1696,45
1906303;1696,45
1911301;1696,45
1911401;1696,45
1911501;1696,45
1911701;1696,45
1911801;1696,45
1914801;1696,45
1914901;1696,45
1915701;1696,45
1921302;1696,45
1921402;1696,45
1923002;1696,45
1923802;1696,45
1923903;1696,45
1924403;1696,45
1924602;1696,45
1924902;1696,45
1927302;1696,45
1929602;1696,45
1931602;1696,45
1931702;1696,45
1932201;1696,45
1932602;1696,45
1934302;1696,45
1934703;1696,45
1941701;1696,45
1941801;1696,45
1942901;1696,45
1944302;1696,45
1947201;1696,45
1947301;1696,45
1947401;1696,45
1949802;1696,45
1950302;1696,45
1951502;1696,45
1953801;1696,45
1954001;1696,45
1954101;1696,45
1954201;1696,45
1954301;1696,45
1954401;1696,45
1954501;1696,45
1954601;1696,45
1954701;1696,45
1954801;1696,45
1955701;1696,45
1955801;1696,45
1956501;1696,45
1956601;1696,45
1956701;1696,45
1956801;1696,45
1956901;1696,45
1957001;1696,45
1957101;1696,45
1957201;1696,45
1957301;1696,45
1957401;1696,45
1957501;1696,45
1957601;1696,45
1957701;1696,45
1957801;1696,45
1957901;1696,45
1959301;1696,45
1959401;1696,45
1959601;1696,45
1959801;1696,45
1959901;1696,45
1960001;1696,45
1960101;1696,45
1960201;1696,45
1960401;1696,45
1960501;1696,45
1962501;1696,45
1962601;1696,45
1962701;1696,45
1962801;1696,45
1962901;1696,45
1963001;1696,45
1963101;1696,45
1963201;1696,45
1963301;1696,45
1963401;1696,45
1963501;1696,45
1963601;1696,45
1963701;1696,45
1963801;1696,45
1963901;1696,45
1964001;1696,45
1964101;1696,45
1968201;1696,45
1968301;1696,45
1968401;1696,45
1968501;1696,45
1968601;1696,45
1968701;1696,45
1968801;1696,45
1969001;1696,45
1969901;1696,45
1971401;1696,45
1971501;1696,45
1971601;1696,45
1971701;1696,45
1976301;1696,45
1976401;1696,45
1976501;1696,45
1976601;1696,45
1976701;1696,45
1976801;1696,45
1976901;1696,45
1977101;1696,45
1977201;1696,45
1977301;1696,45
1978301;1696,45
1979501;1696,45
1979601;1696,45
1980202;1696,45
1980602;1696,45
1983501;1696,45
1983601;1696,45
1983701;1696,45
1983801;1696,45
1988001;1696,45
1988201;1696,45
1988401;1696,45
1988501;1696,45
1988701;1696,45
1989001;1696,45
1990101;1696,45
1990301;1696,45
1993401;1696,45
1993501;1696,45
1996001;1696,45
1997002;1696,45
2000201;1696,45
2000602;1696,45
2005902;1696,45
2010102;1696,45
2012201;1696,45
2012301;1696,45
2012401;1696,45
2012501;1696,45
2012601;1696,45
2012701;1696,45
2012801;1696,45
2013401;1696,45
2013601;1696,45
2013701;1696,45
2013901;1696,45
2014101;1696,45
2018101;1696,45
2018201;1696,45
2018301;1696,45
2018401;1696,45
2018501;1696,45
2019001;1696,45
2019101;1696,45
2019201;1696,45
2019301;1696,45
2019401;1696,45
2021201;1696,45
2022001;1696,45
2022501;1696,45
2028401;1696,45
2028601;1696,45
2028701;1696,45
2028801;1696,45
2028901;1696,45
2029001;1696,45
2029101;1696,45
2029201;1696,45
2029301;1696,45
2029501;1696,45
2030901;1696,45
2032801;1696,45
2032901;1696,45
2033001;1696,45
2033101;1696,45
2033201;1696,45
2033301;1696,45
2033401;1696,45
2033501;1696,45
2034701;1696,45
2036101;1696,45
2036201;1696,45
2036301;1696,45
2036401;1696,45
2036501;1696,45
2036601;1696,45
2036701;1696,45
2039301;1696,45
2039501;1696,45
2826001;1856,33
3631001;1749,26
3738001;1948,69
3747001;1730,38
3751002;1800,29
3757001;2067,96
3768001;1856,33
4185001;1714,96
4406001;1819,93
4464001;1681,34
4473001;1819,93
4603001;2109,32
4626001;1819,93
1142701;4302,53
1971101;3902,89
147802;1696,45
1142801;2989,09
405903;3059,95
498801;3059,95
577304;2942,27
714604;3059,95
764404;2942,27
788905;2942,27
929702;2942,27
1124702;2942,27
1140101;3059,95
1172601;2942,27
1173401;3059,95
1173501;2942,27
1344001;2942,27
1344101;3059,95
1350801;3059,95
1390301;3059,95
1088702;2755,15
1120903;2701,1
1435001;2755,15
1450401;2755,15
1844301;2545,32
472602;10793,51
695903;2648,15
980703;2504,67
1175604;2755,15
1434601;3030,66
1530005;2495,39
1704303;2495,39
1848501;2799,86
893903;1375,66
1148005;1430,69
1305301;1322,75
957403;11630,41
853801;3413
501805;6348,38
569001;3564,05
851001;3425,66
1559304;6348,38
1815602;6348,38
3854002;3091,26
3963001;3829,39
8793301;3550,88
480701;3153,09
997202;3091,26
159701;3413
261603;2810,23
491408;3963,9
499501;3153,09
563501;3550,88
631501;3153,09
654001;2504,67
665403;3153,09
671302;2755,15
678902;3153,09
679709;3091,26
749905;2495,39
830201;3413
1045501;2755,15
1115706;2755,15
1170804;2554,76
1493302;2755,15
1537801;2810,23
1969201;2268,56
2056001;3413
3746001;3694,33
4533001;3998,86
4539001;3425,66
8791001;3292,66
1631403;3913,39
1769603;2299,27
1836702;3913,39
1977801;3913,39
1993601;3913,39
781013;3913,39
950504;3913,39
1192312;3913,39
1332212;2495,39
1634905;3913,39
1669005;3913,39
1678004;3913,39
1766605;3913,39
1769903;3913,39
1770102;3913,39
1772402;3913,39
1810705;2299,27
2788001;3164,76
1160010;1696,45
800301;1547,44
161501;3754,3
180601;3754,3
191801;3754,3
572801;4063,78
619801;3400,39
633001;3468,39
665902;3468,39
690401;3400,39
805101;4398,77
805701;3905,98
823001;3905,98
4094001;4145,05
4179001;4398,77
4407001;4486,71
4633001;4486,71
160501;3102,74
160701;3413
165901;3413
182801;3228,07
406401;3228,07
469902;3153,09
614203;3091,26
657602;3153,09
658402;3030,66
664108;3091,26
664703;3153,09
682608;2810,23
683303;3091,26
686304;2866,43
690914;1350,56
690917;1247,7
760208;2810,23
789304;2866,43
805401;3030,66
859001;3041,91
876601;3413
1046001;3153,09
1103403;2605,85
1146607;2810,23
1255210;2495,39
1255703;3091,26
1264404;2912,97
1291308;2701,1
1388920;1701,43
1466005;2810,23
1485311;2701,1
1492001;2810,23
1669905;2268,56
1674505;2495,39
1730302;2545,32
2815001;3228,07
3771001;3413
3841001;3708,03
4011001;3708,03
4095001;3358,51
4329001;4259,37
4476001;3358,51
152201;2820,68
160801;3346,09
180401;2934,62
503301;3635,35
550001;3228,07
695014;2701,1
749706;3091,26
796908;2701,1
802501;3164,76
869601;3425,66
875301;3694,33
1183801;3091,26
1184001;3030,66
1724006;2495,39
3975001;3358,51
4059001;3280,46
4555001;4160,42
59108;3162,92
231303;3162,92
304321;3162,92
328912;2455,56
398209;3162,92
514611;3162,92
564602;3030,66
609101;1873,02
662206;2268,56
667106;3162,92
667206;3162,92
673322;3162,92
676716;3162,92
691613;3162,92
693516;3162,92
694013;3162,92
694119;3162,92
754507;3162,92
769822;3162,92
791707;3162,92
830001;3102,74
849901;3413
855801;3829,39
946306;2810,23
949705;3162,92
1095215;2648,15
1100301;3153,09
1171609;3162,92
1253303;3162,92
1333612;3162,92
1386306;3162,92
1469515;1134,27
1476310;3162,92
1550611;3162,92
1577505;3162,92
1584310;1156,94
1720702;3162,92
1867901;2268,56
1907601;3162,92
1996301;3162,92
2022401;3162,92
2223001;3413
4037001;3358,51
4896001;3162,92
860702;3153,09
842601;3041,91
1551708;2268,56
1558411;2268,56
1678605;2268,56
1686809;1134,27
1716103;1134,27
1716203;2268,56
1733808;1134,27
1748005;2268,56
1751104;2545,32
1856401;2545,32
1873305;2268,56
1912201;2268,56
1992404;1134,27
515606;2268,56
556302;2313,94
670210;2545,32
880508;2268,56
1036012;2268,56
1121713;2545,32
1143911;2313,94
1172203;2545,32
1172302;2268,56
1205404;2268,56
1205602;2268,56
1243608;2545,32
1257506;2545,32
1333213;2313,94
1386708;2313,94
1393612;2268,56
1413007;2545,32
1466808;2268,56
1511607;2268,56
1585607;2545,32
1663604;2313,94
1684303;2268,56
1685805;2495,39
1710904;2268,56
1711705;2268,56
1735704;2268,56
1761908;2268,56
1804806;2268,56
1814803;2268,56
1835202;2313,94
1849901;2313,94
1850101;2313,94
1850201;2545,32
1850401;2313,94
1850501;2545,32
1850701;2313,94
1856301;2545,32
1856503;2268,56
1859304;2268,56
1921902;2268,56
1969301;2268,56
1969401;2268,56
1969501;2268,56
1969601;2268,56
1969701;2268,56
1972601;2268,56
1975001;2268,56
1980901;2268,56
1983001;2268,56
430511;1134,27
1848601;1156,94
99602;1928,6
139904;1967,16
149117;1967,16
301408;1967,16
456006;1928,6
665119;1928,6
704018;1928,6
770308;1928,6
939210;1928,6
945307;1928,6
1286608;1928,6
1354812;1928,6
1361706;1928,6
1462707;1928,6
1505009;1967,16
1524111;1928,6
1547310;1928,6
1553011;1928,6
1573605;1928,6
1598609;1928,6
1599605;1967,16
1604803;1967,16
1643406;1967,16
1664905;1967,16
1668505;1967,16
1716605;1967,16
1737705;1928,6
1759103;1928,6
1762103;1928,6
1767903;1928,6
1795803;1928,6
1804502;1967,16
1807602;1928,6
1817702;1967,16
1829403;1928,6
1833202;1928,6
1838903;1967,16
1840202;1928,6
1852801;1967,16
1852901;1928,6
1853401;1967,16
1853901;1928,6
1854001;1967,16
1854101;1967,16
1854201;1928,6
1854601;1967,16
1869901;1967,16
1870101;1967,16
1871201;1967,16
1871401;1928,6
1893208;1928,6
1902204;1928,6
1904403;1928,6
1914101;1928,6
1920802;1928,6
1923202;1928,6
1923602;1928,6
1923702;1928,6
1924202;1928,6
1926902;1928,6
1927403;1928,6
1927602;1928,6
1929502;1928,6
1934802;1928,6
1977002;1928,6
1977601;1928,6
1977701;1928,6
1979701;1928,6
1982501;1928,6
1983101;1928,6
1983201;1928,6
1983301;1928,6
1983401;1928,6
1984001;1928,6
1984101;1928,6
1986901;1928,6
1990201;1928,6
1991101;1928,6
1278104;964,3
1398917;964,3
1506404;964,3
1572609;964,3
1577704;964,3
1585705;964,3
1600207;964,3
1660904;964,3
1666906;964,3
1668704;964,3
1669206;983,59
1684605;964,3
1708305;964,3
1728404;983,59
1746106;964,3
1752807;964,3
1757103;964,3
1780002;964,3
1781903;964,3
1802702;964,3
1809802;983,59
1854701;964,3
1854901;983,59
1855001;983,59
1862905;964,3
1904003;964,3
1906203;964,3
1914201;964,3
1924502;964,3
1931402;964,3
1949302;964,3
1979801;964,3
1979901;964,3
1980001;964,3
1980301;964,3
1980401;964,3
1982401;964,3
1982601;964,3
1992601;964,3
1993801;964,3
2034801;964,3
4610002;983,59
1121314;1134,27
1740002;1581,47
1855603;1581,47
75201;3413
163001;2706,4
181801;2186,4
225301;3413
315912;2268,56
469605;2810,23
481001;2755,15
496701;3292,66
565101;3635,35
607402;3153,09
608506;2495,39
614902;2596,21
616302;2810,23
617102;2648,15
631702;3153,09
632001;3153,09
632901;2866,43
657807;3091,26
658315;2701,1
658706;3091,26
661412;2554,76
669903;3153,09
671911;2648,15
698309;3091,26
738803;2701,1
760904;2755,15
812601;3635,35
829801;3935
841401;3425,66
859101;2701,1
864112;2810,23
868803;2504,67
879909;2810,23
881701;3413
902701;3413
1033204;2810,23
1089604;1134,27
1094903;3091,26
1100802;3030,66
1111702;2810,23
1115408;2701,1
1122407;2495,39
1159012;2701,1
1195110;2701,1
1254606;2701,1
1279706;2810,23
1306302;2755,15
1331903;2755,15
1339315;2495,39
1344905;2810,23
1356709;2810,23
1386004;2701,1
1399503;2701,1
1462807;2701,1
1492301;3091,26
1492401;2701,1
1573103;2701,1
1591014;2268,56
1664602;2701,1
1667202;2701,1
1731401;2701,1
1795304;2495,39
1916001;2592,02
2597001;3843,6
2790001;3425,66
2986001;3843,6
3056001;2605,85
3118001;3550,88
3301001;4227,94
3753001;3240,04
3755001;3550,88
4600101;3768,23
181104;2268,55
215601;1987,66
321703;2735,51
329003;2735,51
369107;2268,56
460912;2735,51
507002;1836,29
514207;1928,6
615115;2268,56
615201;1873,02
615501;1873,02
616901;1836,29
620708;1696,45
634706;2735,51
634814;2735,51
636606;2735,51
653601;3468,39
672016;2735,51
691125;2735,51
691213;2735,51
691515;2701,1
692520;2735,51
692708;2735,51
719812;2735,51
760416;2735,51
767116;2735,51
767315;2735,51
768623;1696,45
782213;2735,51
797420;2268,56
809801;2320,22
864715;2735,51
865004;1873,02
1096818;2735,51
1100701;1873,02
1111501;1873,02
1115111;2268,56
1122813;2268,56
1140302;2701,1
1142001;1873,02
1193609;2701,1
1193721;2735,51
1232501;1836,29
1289510;2735,51
1293311;2735,51
1332704;2735,51
1337010;2735,51
1338027;2735,51
1338817;2735,51
1348415;2735,51
1382701;1648,37
1391710;2735,51
1455310;2735,51
1464908;1696,45
1467114;1928,6
1479704;2735,51
1482902;2735,51
1496401;1873,02
1499909;2735,51
1503501;2504,67
1504407;2735,51
1511205;2735,51
1531616;2735,51
1547012;2735,51
1580405;2735,51
1582502;2735,51
1586004;2735,51
1610405;2735,51
1610715;2735,51
1613211;2735,51
1639804;2735,51
1654003;2735,51
1654203;2735,51
1656703;2735,51
1656805;1696,45
1661906;2735,51
1675105;2735,51
1675307;2735,51
1693603;2735,51
1702304;1696,45
1713307;2735,51
1725207;2735,51
1736505;2735,51
1750603;2735,51
1754306;1928,6
1758307;2735,51
1764407;2735,51
1777202;2735,51
1860503;2735,51
1872105;2735,51
2005601;2735,51
2030201;2735,51
4834001;3292,66
1506210;2268,56
620401;2601,3
812501;3047,82
1344201;5647,32
1670405;2299,27
1975101;2299,27
1975201;2299,27
1975301;2299,27
1987601;2299,27
1987701;2299,27
1987801;2299,27
2012901;2299,27
1141001;1018,1
86801;2126,95
87501;2126,95
88001;1966,48
88201;2126,95
92901;2126,95
173101;1966,48
175301;2126,95
176401;2126,95
177101;2045,14
222401;2126,95
291502;1890,85
378704;1966,48
427101;2126,95
432201;2126,95
446701;2126,95
471301;2126,95
520701;2126,95
523202;1966,48
525701;2045,14
526001;2126,95
539701;2126,95
549401;2045,14
549501;2126,95
714003;1966,48
753703;1890,85
817001;2126,95
823701;2045,14
823801;2212,03
835801;2126,95
836601;2045,14
840201;2045,14
841701;2126,95
841801;2126,95
843101;2045,14
843201;2126,95
865201;2126,95
871501;2045,14
934603;1966,48
943004;1966,48
1104201;1966,48
1104901;1966,48
1105301;1890,85
1105501;1890,85
1105601;1818,12
1105701;1966,48
1106201;1890,85
1106901;1966,48
1109401;1966,48
1109501;1966,48
1131801;1890,85
1148301;1818,12
1151001;1966,48
1263301;1966,48
1351501;1966,48
4748001;2212,03
4751001;2045,14
8790801;2126,95
864401;4382,3
1383202;3467,3
1448801;3750,22
1529301;3975,24
1548001;3975,24
1947601;3467,3
4766001;4056,26
272002;2495,39
89301;4299,6
167101;3900,24
446501;4299,6
810501;4739,9
846101;4134,26
871901;4299,6
1193501;3975,24
1461502;3822,35
1536401;3975,24
1538001;3975,24
1538101;3467,3
1539201;3675,33
1556801;3975,24
1557401;3822,35
1567301;3975,24
1591301;3975,24
1629101;3822,35
1753201;3822,35
1934101;3467,3
1938701;3467,3
1942501;3467,3
1943201;3467,3
1945601;3467,3
1946801;3467,3
1946901;3467,3
1953101;3467,3
2204002;4471,61
301;4653,65
1501;5130,17
715501;4474,65
1048802;4302,56
427001;3722,92
43402;3822,35
171601;4299,6
229201;3900,24
427702;3605,97
450001;3975,24
471701;3750,22
1305203;3605,97
1407502;3467,3
1513601;3975,24
1515301;3975,24
1517901;3975,24
1523801;3822,35
1562301;3975,24
1653301;3822,35
1655101;3605,97
1670903;3467,3
1689401;3822,35
1876702;3467,3
1938301;3467,3
1958001;3467,3
2034501;3467,3
4625001;4471,61
8791901;4299,6
8792801;4299,6
86201;5535,47
87701;5756,9
142901;5431,02
171701;5756,9
171901;5756,9
177201;4828,17
220001;5756,9
222101;5756,9
232201;5756,9
311703;4549,76
367002;4637,24
414201;6226,66
428601;5535,47
433001;5756,9
433101;5756,9
471801;5987,15
486201;5987,15
530101;5756,9
705803;4549,76
765901;4920,99
801201;5021,31
814601;5322,58
835601;5756,9
838501;5021,31
838601;5431,02
870701;5756,9
871201;5756,9
933401;5535,47
946001;5535,47
949501;5322,58
1098401;4292,22
1108001;4463,94
1108201;4731,75
1108301;4374,77
1108501;4549,76
1108601;4127,15
1108701;4731,75
1132701;4549,76
1155801;4549,76
1322603;4206,48
1401802;4206,48
1518401;4374,77
1519101;4374,77
1519701;4206,48
1519901;4374,77
1563401;4374,77
1612201;4044,72
1679101;3968,41
1688701;4127,15
1717701;4044,72
1778901;4206,48
1937101;3815,77
3320001;6226,66
4178001;5987,15
4225001;5756,9
4744001;5987,15
8792301;5987,15
86901;2312,33
87202;2223,38
88102;2137,88
122102;2223,38
171301;2501,02
172002;2137,88
176002;2312,33
376204;2312,33
380706;2137,88
381808;2223,38
393809;2137,88
394704;2312,33
540201;2312,33
604508;2223,38
637206;2223,38
750803;2223,38
763107;2312,33
785304;2137,88
808701;2501,02
846201;2501,02
846301;2501,02
868601;2404,82
938501;2404,82
1025702;2312,33
1062004;2312,33
1089804;2223,38
1112902;2223,38
1117407;2137,88
1168505;2223,38
1180905;2137,88
1228203;2312,33
1239604;2312,33
1240606;2137,88
1241403;2312,33
1242303;2312,33
1251903;2137,88
1272103;2223,38
1307803;2312,33
1310303;2223,38
1311303;2312,33
1364904;2137,88
1383502;2137,88
1418303;2312,33
1447402;2223,38
1475503;2137,88
1484203;2137,88
1515001;2312,33
1515101;2312,33
1515401;2137,88
1515501;2223,38
1516101;2312,33
1516501;2312,33
1517101;2223,38
1517301;2312,33
1517401;2312,33
1517501;2223,38
1518101;2312,33
1518201;2312,33
1518501;2312,33
1520001;2312,33
1520101;2312,33
1529901;2312,33
1533002;2223,38
1533902;2223,38
1535101;2223,38
1535201;2223,38
1539402;2223,38
1539902;2223,38
1541102;2137,88
1545501;2223,38
1557302;2223,38
1558301;2312,33
1561301;2223,38
1563602;2312,33
1567101;2312,33
1567901;2312,33
1587001;2223,38
1587101;2223,38
1597101;2312,33
1597201;2312,33
1598702;2223,38
1599002;2137,88
1602302;2223,38
1614901;2312,33
1637702;2137,88
1722201;2223,38
1729501;2223,38
1729701;2223,38
1729901;2223,38
1732701;2223,38
1740601;2223,38
1740701;2137,88
1750501;2223,38
1755601;2223,38
1763901;2137,88
1764001;2223,38
1765001;2223,38
1765901;2223,38
1768701;2223,38
1777801;2223,38
1787001;2223,38
1787401;2137,88
1789001;2223,38
1792301;2223,38
1792501;2137,88
1793001;2223,38
1796201;2137,88
1812801;2223,38
1816401;2223,38
1816901;2223,38
1818201;2223,38
1823802;2137,88
1824501;2223,38
1826101;2223,38
1829701;2223,38
1871101;2137,88
1879602;2137,88
1886601;2137,88
1887401;2137,88
1891301;2137,88
1891401;2137,88
1891501;2137,88
1891701;2137,88
1891801;2137,88
1891901;2137,88
1892001;2137,88
1892101;2137,88
1892201;2137,88
1892301;2137,88
1892401;2137,88
1892601;2137,88
1892701;2137,88
1892801;2137,88
1892901;2137,88
1894101;2137,88
1895801;2137,88
1897201;2137,88
1907401;2137,88
1909802;2137,88
1917201;2137,88
1925401;2137,88
1938401;2137,88
1939301;2137,88
1941501;2137,88
1941901;2137,88
1942701;2137,88
1943801;2137,88
1944101;2137,88
1945201;2137,88
1946001;2137,88
1946701;2137,88
1947701;2137,88
4747001;2601,05
87601;3900,24
95101;3900,24
119601;4299,6
175702;3750,22
220501;4299,6
220601;4299,6
221101;4299,6
232001;4299,6
375306;3975,24
426901;4299,6
471201;4134,26
481801;4299,6
487501;4299,6
551405;3675,33
777602;3975,24
808301;4299,6
810601;4471,61
824201;4471,61
835501;4299,6
835701;4299,6
843301;4134,26
845001;4299,6
851901;4299,6
852201;4299,6
865901;3900,24
866301;4299,6
866901;4134,26
867101;4299,6
867301;4134,26
870901;4299,6
872301;3900,24
872501;4056,26
1098101;3975,24
1098203;3467,3
1101603;3467,3
1104101;4213,76
1104301;3467,3
1104501;3750,22
1104601;3975,24
1104701;3975,24
1106701;3975,24
1106802;3822,35
1117305;3975,24
1123204;3467,3
1175203;3467,3
1250604;3467,3
1515801;3975,24
1518701;3750,22
1522101;3975,24
1576302;3467,3
1620401;3975,24
1629201;3975,24
1652602;3467,3
1789901;3605,97
1931802;3467,3
1933301;3467,3
1943301;3467,3
1945001;3467,3
1945101;3467,3
1947001;3467,3
1952901;3467,3
1981701;3467,3
1997701;3467,3
2006301;3467,3
2024801;3467,3
2034601;3467,3
2038601;3467,3
2542001;4471,61
2753001;4299,6
4247001;4471,61
4552001;4382,3
4760001;4299,6
4893001;4056,26
86501;5756,9
167501;5535,47
167801;5322,58
168601;5322,58
169001;5021,31
169401;5535,47
170101;5021,31
170801;5431,02
171001;5648,27
173501;5987,15
173901;5222,12
174301;5431,02
174701;6226,66
174901;6226,66
175001;6226,66
219701;5987,15
221201;5222,12
221701;5987,15
256603;4374,77
258603;3968,41
282003;3968,41
364806;4206,48
430801;5756,9
440101;5117,86
449501;5021,31
496002;3815,77
520501;4292,22
713603;4206,48
713903;4374,77
771403;4206,48
787706;4374,77
822401;5648,27
822501;6226,66
822601;5535,47
822701;6226,66
833003;3968,41
834502;4374,77
834601;5648,27
834801;5987,15
834901;5322,58
835001;4828,17
841101;4828,17
845403;4374,77
860201;5756,9
863401;5322,58
866601;5322,58
867601;4920,99
868901;5021,31
869701;4374,77
870101;4828,17
933301;4828,17
938203;4549,76
956201;5117,86
956301;4642,46
973006;4044,72
1070505;4637,24
1103201;4549,76
1106501;4549,76
1107201;4374,77
1107301;4206,48
1107601;3968,41
1107801;3968,41
1107902;4206,48
1109001;3968,41
1117207;4374,77
1119407;4206,48
1133301;3815,77
1135401;4374,77
1152901;4374,77
1161701;3968,41
1181501;4374,77
1213203;3815,77
1249203;4044,72
1249303;4637,24
1276902;4044,72
1277006;4044,72
1308403;4206,48
1322304;4044,72
1322403;4206,48
1360302;4458,9
1391003;4206,48
1391103;4374,77
1396706;4458,9
1401903;4374,77
1402005;3815,77
1417304;3815,77
1417703;3815,77
1450106;4206,48
1474204;4206,48
1486305;3815,77
1509204;4206,48
1509703;4044,72
1510602;4044,72
1512501;3815,77
1515901;4374,77
1518801;3815,77
1546902;4044,72
1547402;4206,48
1551503;4044,72
1556505;4044,72
1559402;3815,77
1566901;4374,77
1567201;4206,48
1604202;3815,77
1604701;3815,77
1612304;4206,48
1622501;3815,77
1639001;4044,72
1689801;4044,72
1691401;4206,48
1717201;4206,48
1717401;4044,72
1722301;4044,72
1722901;4044,72
1723701;4044,72
1729301;4044,72
1740501;3815,77
1741003;4458,9
1741301;4206,48
1753601;4206,48
1757901;4044,72
1759801;4044,72
1760001;4206,48
1760101;4044,72
1761603;4206,48
1765201;4044,72
1766401;3815,77
1777602;4044,72
1780501;3815,77
1780502;4044,72
1790101;4044,72
1790501;4458,9
1791001;4044,72
1791101;4206,48
1792401;4044,72
1818301;3815,77
1830603;3815,77
1876501;3815,77
1877102;3815,77
1877802;3815,77
1879102;3815,77
1879302;4044,72
1881402;4044,72
1882402;3815,77
1882902;3815,77
1887301;4044,72
1893702;3815,77
1894902;3815,77
1897501;4044,72
1899401;4044,72
1915801;4044,72
1934001;4044,72
1935601;3815,77
1935701;4044,72
1936401;4044,72
1942601;3815,77
1947101;3815,77
1948801;3815,77
1976201;3815,77
1987401;4044,72
2002901;3815,77
3245001;5222,12
3319001;5322,58
3574001;5756,9
3603001;5987,15
4740001;5535,47
4765001;5431,02
4796001;5021,31
8210001;5756,9
170901;5535,47
1136701;4374,77
1743801;3968,41
1753301;3968,41
1763601;4206,48
540701;4299,6
1133201;3975,24
1330401;4213,76
1516801;3975,24
1528501;3975,24
1679801;3605,97
1681501;3822,35
1696501;3605,97
1696701;3675,33
1788701;3675,33
1789201;3822,35
2031101;3467,3
1596705;3815,77
2004601;3815,77
257604;2137,87
381307;2137,87
762903;2137,87
1104802;2137,87
1311403;2137,87
1318004;2137,87
1464403;2137,87
1741202;2137,87
2004401;2137,87
2005101;2137,87
2006401;2137,87
2006701;2137,87
2007001;2137,87
2007101;2137,87
2008801;2137,87
2021401;2137,87
2021901;2137,87
2023601;2137,87
2024001;2137,87
2029901;2137,87
2030001;2137,87
2031901;2137,87
2037701;2137,87
2038501;2137,87
1120101;3975,24
1133401;3975,24
1429902;3822,35
1561501;3975,24
1611901;3467,3
1786801;3467,3
1968001;3467,3
980003;2391,26
1123801;2299,28
332602;1279,83
463507;1279,83
846504;1279,83
889104;1279,83
1544206;1279,83
1789802;1279,83
2025901;1279,83
2026101;1279,83
2026201;1279,83
2026301;1279,83
2026401;1279,83
2026501;1279,83
2026601;1279,83
2026701;1279,83
2026801;1279,83
2026901;1279,83
2027001;1279,83
2027101;1279,83
2027201;1279,83
2027301;1279,83
2027401;1279,83
2027601;1279,83
2027801;1279,83
2027901;1279,83
2029801;1279,83
2031701;1279,83
2031801;1279,83
2032101;1279,83
2032201;1279,83
2035401;1279,83
2035501;1279,83
2037401;1279,83
2037901;1279,83
2038401;1279,83
2038801;1279,83
2038901;1279,83
2039001;1279,83
2039101;1279,83
2039201;1279,83
2039601;1279,83
2039701;1279,83
2039801;1279,83
2040501;1279,83
1600501;2137,88
1612101;2312,33
1628501;2223,38
1679001;2137,88
934301;3182,34
184302;1395,11
191102;1395,11
331602;1395,11
365006;1395,11
365806;1395,11
367306;1395,11
369006;1395,11
386206;1395,11
388206;1395,11
390206;1395,11
550506;1395,11
582805;1395,11
592906;1395,11
606106;1395,11
713807;1395,11
730106;1395,11
744513;1395,11
790606;1395,11
846905;1395,11
847306;1395,11
847505;1395,11
847605;1395,11
899202;1395,11
1074606;1395,11
1090405;1395,11
1090505;1395,11
1090605;1395,11
1091505;1395,11
1091605;1395,11
1092005;1395,11
1093003;1395,11
1136604;1395,11
1138004;1395,11
1158804;1395,11
1165604;1395,11
1165904;1395,11
1166003;1395,11
1166104;1395,11
1166304;1395,11
1167104;1395,11
1167404;1395,11
1167604;1395,11
1179704;1395,11
1180304;1395,11
1180604;1395,11
1238503;1395,11
1246204;1395,11
1266904;1395,11
1272504;1395,11
1277403;1395,11
1277503;1395,11
1277703;1395,11
1277803;1395,11
1277903;1395,11
1278403;1395,11
1285904;1395,11
1305602;1395,11
1314003;1395,11
1318103;1395,11
1318203;1395,11
1318303;1395,11
1318503;1395,11
1325807;1395,11
1326107;1395,11
1330704;1395,11
1347104;1395,11
1352903;1395,11
1353103;1395,11
1353303;1395,11
1353403;1395,11
1373203;1395,11
1373303;1395,11
1373403;1395,11
1373703;1395,11
1374103;1395,11
1375303;1395,11
1375403;1395,11
1375903;1395,11
1376603;1395,11
1377203;1395,11
1377303;1395,11
1377903;1395,11
1378003;1395,11
1378403;1395,11
1378603;1395,11
1378703;1395,11
1380204;1395,11
1381203;1395,11
1391303;1395,11
1397103;1395,11
1401104;1395,11
1447102;1395,11
1447702;1395,11
1453102;1395,11
1453202;1395,11
1453502;1395,11
1453702;1395,11
1454202;1395,11
1454402;1395,11
1454503;1395,11
1459302;1395,11
1461202;1395,11
1462202;1395,11
1480702;1395,11
1480902;1395,11
1482002;1395,11
1483402;1395,11
1487802;1395,11
1492102;1395,11
1508401;1395,11
1508501;1395,11
1533201;1395,11
1533301;1395,11
1533501;1395,11
1533702;1395,11
1534101;1395,11
1534401;1395,11
1534501;1395,11
1549403;1395,11
1579201;1395,11
1594901;1395,11
1595301;1395,11
1595401;1395,11
1595601;1395,11
1595701;1395,11
1595901;1395,11
1596001;1395,11
1598801;1395,11
1602501;1395,11
1602601;1395,11
1602801;1395,11
1603201;1395,11
1605201;1395,11
1611101;1395,11
1611301;1395,11
1611401;1395,11
1612801;1395,11
1616001;1395,11
1616101;1395,11
1616201;1395,11
1617901;1395,11
1618201;1395,11
1618301;1395,11
1618601;1395,11
1618701;1395,11
1618801;1395,11
1619301;1395,11
1621001;1395,11
1621101;1395,11
1621201;1395,11
1621501;1395,11
1622101;1395,11
1622701;1395,11
1626801;1395,11
1627001;1395,11
1638001;1395,11
1638101;1395,11
1638301;1395,11
1638401;1395,11
1638501;1395,11
1656601;1395,11
1679401;1395,11
1689001;1395,11
1689901;1395,11
1695801;1395,11
1696901;1395,11
1719401;1395,11
1719601;1395,11
1720001;1395,11
1720201;1395,11
1720301;1395,11
1721301;1395,11
1741101;1395,11
1741401;1395,11
1750801;1395,11
1753501;1395,11
1755501;1395,11
1765801;1395,11
1768501;1395,11
1768801;1395,11
1771901;1395,11
1772001;1395,11
1772101;1395,11
1772201;1395,11
1779101;1395,11
1785701;1395,11
1786901;1395,11
1789301;1395,11
1789601;1395,11
1789701;1395,11
1790901;1395,11
1791201;1395,11
1791301;1395,11
1791401;1395,11
1791501;1395,11
1791601;1395,11
1791801;1395,11
1794401;1395,11
1812401;1395,11
1813001;1395,11
1813401;1395,11
1819001;1395,11
1819101;1395,11
1819401;1395,11
1819801;1395,11
1822401;1395,11
1822501;1395,11
1822601;1395,11
1823102;1395,11
1823601;1395,11
1823901;1395,11
1825301;1395,11
1825501;1395,11
1825601;1395,11
1826301;1395,11
1826401;1395,11
1826701;1395,11
1827501;1395,11
1827801;1395,11
1828501;1395,11
1828701;1395,11
1829101;1395,11
1829901;1395,11
1830801;1395,11
1832401;1395,11
1834301;1395,11
1834901;1395,11
1836601;1395,11
1837801;1395,11
1840501;1395,11
1878501;1395,11
1878901;1395,11
1879001;1395,11
1879701;1395,11
1879801;1395,11
1879901;1395,11
1880401;1395,11
1882501;1395,11
1885801;1395,11
1885901;1395,11
1886001;1395,11
1898201;1395,11
1899301;1395,11
1899501;1395,11
1899601;1395,11
1912401;1395,11
1912601;1395,11
1912901;1395,11
1913001;1395,11
1915001;1395,11
1917801;1395,11
1928701;1395,11
1933401;1395,11
1938201;1395,11
1938501;1395,11
1938801;1395,11
1942101;1395,11
1942201;1395,11
1948301;1395,11
1948401;1395,11
1951801;1395,11
1955502;1395,11
1972501;1395,11
1977901;1395,11
1978701;1395,11
1979301;1395,11
1981401;1395,11
1984401;1395,11
1984501;1395,11
1984601;1395,11
1986201;1395,11
1989101;1395,11
1990401;1395,11
1992901;1395,11
1993001;1395,11
1993201;1395,11
1994101;1395,11
2002801;1395,11
2003701;1395,11
2005001;1395,11
2006501;1395,11
2006601;1395,11
2006801;1395,11
2023301;1395,11
77601;1487,92
129701;1430,69
131101;1487,92
132501;1430,69
179601;1430,69
182901;1430,69
345301;1487,92
402102;1430,69
414901;1609,33
415601;1673,71
442902;1430,69
571501;1487,92
639003;1322,75
645302;1322,75
650502;1375,66
710801;1375,66
711901;1375,66
712001;1430,69
712101;1375,66
712201;1375,66
712501;1430,69
712701;1375,66
712801;1375,66
713101;1375,66
713301;1322,75
716301;1375,66
716601;1375,66
716701;1375,66
716801;1430,69
729601;1322,75
730201;1322,75
730301;1430,69
734901;1375,66
735401;1375,66
735801;1430,69
736001;1375,66
737501;1375,66
739201;1322,75
740201;1430,69
740601;1375,66
742101;1322,75
742301;1375,66
743901;1430,69
801301;1487,92
823101;1609,33
838001;1430,69
843401;1547,44
843501;1487,92
849701;1430,69
850401;1322,75
854001;1430,69
855901;1487,92
857701;1375,66
878901;1547,44
884601;1430,69
887801;1487,92
887901;1487,92
888401;1375,66
971402;1322,75
1120201;1322,75
1123501;1375,66
1136301;1375,66
1154801;1375,66
1157501;1430,69
1161601;1430,69
4146001;1547,44
4514001;1609,33
4699001;1609,33
529301;1430,69
780004;1430,69
1259002;1430,69
1266301;1375,66
1296001;1375,66
1297901;1375,66
1304601;1430,69
1304701;1375,66
1305901;1322,75
1297801;1430,69
119801;1841,81
539501;1992,1
578301;2154,66
585105;1702,86
707501;1702,86
715901;1702,86
751201;1702,86
795201;1702,86
833903;1702,86
837108;1637,36
852701;1841,81
923906;1574,39
1096403;1702,86
1118904;1702,86
1128204;1702,86
1151804;1702,86
1296401;1702,86
1297001;1637,36
1297501;1702,86
1306602;1702,86
1425704;1702,86
1520601;1702,86
1521201;1702,86
1521501;1702,86
1521601;1702,86
1524201;1702,86
1524301;1702,86
1575701;1574,39
1714302;1637,36
1718202;1637,36
1755801;1637,36
1793201;1637,36
1794101;1637,36
1864801;1637,36
1867001;1637,36
1880801;1574,39
1894301;1574,39
1894401;1574,39
1894501;1574,39
1896601;1574,39
3916001;1770,97
3983001;1841,81
145901;2151,87
178801;2069,1
440003;2151,87
445104;1913,02
545701;2151,87
738502;1839,43
855101;2517,36
1635201;1989,54
1709901;1839,43
1721804;1839,43
1734902;1839,43
1846201;1913,02
1876201;1839,43
3668001;2151,87
1234001;1492,98
4899001;1681,34
55401;3579,71
88501;3579,71
233701;3579,71
416201;4187,75
435501;3722,92
651001;4355,26
1124402;3182,34
1513701;2942,27
1513901;3059,95
1558201;3059,95
1564501;3059,95
1567801;3059,95
1697401;2942,27
4039001;3871,82
4849001;3871,82
8790601;3579,71
836901;1731,52
3556001;1664,92
4759001;1872,81
119502;10793,51
1519401;10793,51
267102;1430,69
1154302;1430,69
1265701;1322,75
2004501;3815,77
2006901;3815,77
367506;1682,46
605609;1749,76
1401006;1682,46
1481503;1617,75
1521001;1617,75
1567601;1682,46
1568101;1682,46
1568201;1682,46
1568301;1682,46
1653601;1749,76
1653701;1682,46
1656101;1682,46
1985201;1617,75
2035301;1617,75
396507;1279,83
397106;1279,83
398607;1279,83
744408;1279,83
794106;1279,83
882305;1279,83
1161103;1279,83
1163605;1279,83
1238204;1279,83
1242005;1279,83
1358804;1279,83
1446903;1279,83
1451305;1279,83
1465003;1279,83
1540101;1279,83
1593706;1279,83
1620902;1279,83
1633902;1279,83
1638202;1279,83
1812901;1279,83
1813101;1279,83
1816501;1279,83
1822301;1279,83
1830001;1279,83
1834201;1279,83
1882601;1279,83
1888501;1279,83
1889201;1279,83
1908501;1279,83
1928501;1279,83
1936601;1279,83
1939201;1279,83
2040101;1279,83
2040201;1279,83
2040301;1279,83
1475402;3750,22
1477003;3605,97
1527201;3822,35
1586601;3750,22
1689301;3822,35
1690801;3467,3
1935501;3467,3
1995601;3467,3
110402;1600,88
580708;1480,11
710902;1480,11
891104;1480,11
1114510;1480,11
1165806;1480,11
1168405;1480,11
1181204;1480,11
1203702;1480,11
1236703;1480,11
1265802;1480,11
1267403;1480,11
1327105;1480,11
1353504;1480,11
1374004;1480,11
1477604;1600,88
1530902;1480,11
1532902;1480,11
1533402;1480,11
1553712;1480,11
1618502;1480,11
1619102;1480,11
1619202;1480,11
1621303;1480,11
1621402;1480,11
1622002;1480,11
1635701;1480,11
1635801;1539,31
1635901;1539,31
1636001;1600,88
1653101;1480,11
1653401;1480,11
1653501;1539,31
1653801;1539,31
1654602;1539,31
1655001;1480,11
1656201;1480,11
1657001;1539,31
1691203;1480,11
1702001;1539,31
1719802;1480,11
1719902;1480,11
1740801;1539,31
1743403;1480,11
1769301;1539,31
1777502;1480,11
1790402;1480,11
1832901;1480,11
1884901;1480,11
1896801;1480,11
1906801;1480,11
1907801;1480,11
1910301;1480,11
1910401;1480,11
1910501;1480,11
1914301;1480,11
1914401;1480,11
1928301;1480,11
1948901;1480,11
1955901;1480,11
1989901;1480,11
1991901;1480,11
1993901;1480,11
1120602;0
1509509;0
1893803;0
1909903;0
1973702;0
1978602;0
1986802;0
1989502;0
1991702;0
2009301;0
2009701;0
2011601;0
2021001;0
2021101;0
2023201;0
791106;11630,41
1143303;9853,96
1199504;9853,96
163901;2866,43
164701;6348,38
264203;6348,38
318303;6348,38
791303;6348,38
871102;6348,38
903701;4299,6
970503;6348,38
1874202;6348,38
845604;3913,39
1553210;3913,39
1601104;3913,39
1630002;3913,39
901;3913,39
98704;3913,39
159001;3913,39
540103;3913,39
634509;3913,39
768903;3913,39
795801;3913,39
835401;4299,6
869001;3913,39
973203;3913,39
1063206;3913,39
1071703;3467,3
1091806;3913,39
1265601;3059,95
1465405;3913,39
1545603;3913,39
1629902;3913,39
1634101;3059,95
1654302;3913,39
1654502;3913,39
1691302;3913,39
1693402;3913,39
1711902;3913,39
1763202;3913,39
1785902;3913,39
1874702;3913,39
1910701;3913,39
1991801;3913,39
1992701;3913,39
4800001;11886,81
443309;2723,72
637012;2723,72
779803;2723,72
1231006;2723,72
1636402;2723,72
1699503;2723,72
1781502;2723,72
1786703;2723,72
1986101;2723,72
247905;1848,58
741701;1848,58
1529003;1848,58
1654402;1848,58
88601;4299,6
130301;4128,16
441903;4128,16
1098302;4128,16
1164403;4128,16
1216102;4128,16
1465902;4128,16
1650501;4128,16
1652001;4128,16
1652401;4128,16
1652501;4128,16
1652701;4128,16
1691101;4128,16
1823701;4128,16
1984701;4128,16
1984801;4128,16
2003001;4128,16
2024601;4128,16
2038301;4128,16
4020001;4218,5
178302;4340,64
247604;4340,64
375605;4340,64
846701;4340,64
1107003;3975,24
1632301;4340,64
1760302;4340,64
1929902;4340,64
1942301;4340,64
1974901;4340,64
530401;4299,6
548901;3722,92
1075508;4340,64
1679701;3467,3
1874301;4340,64
1875201;4340,64
1875601;4340,64
2030101;4340,64
839404;3467,3
1524003;3975,24
1199204;3822,35
364507;3724,09
382006;3724,09
836406;3724,09
1107702;3724,09
1119406;3724,09
1251708;3724,09
1366207;3724,09
1402004;3724,09
1417702;3724,09
1474203;3724,09
1509203;3724,09
1539701;3724,09
1541701;3724,09
1546901;3724,09
1547401;3724,09
1548201;3724,09
1559602;3724,09
1605501;3724,09
1612901;3724,09
1626606;3724,09
1746902;3724,09
1817901;3724,09
1876301;3724,09
1876401;3724,09
1882901;3724,09
1886301;3724,09
1894601;3724,09
1894701;3724,09
1896101;3724,09
1898101;3724,09
1898401;3724,09
1933501;3724,09
1938601;3724,09
1565801;3815,77
1834401;3815,77
1885101;3815,77
1895101;3815,77
1907301;3815,77
1985301;3815,77
1985601;3815,77
200510;2137,87
366808;2137,87
380507;2137,87
380907;2137,87
387706;2137,87
394808;2137,87
563608;2137,87
580607;2137,87
580807;2137,87
937303;2137,87
1371506;2137,87
1373505;2137,87
1375004;2137,87
1376505;2137,87
1391404;2137,87
1456703;2137,87
1464503;2137,87
1469404;2137,87
1540202;2137,87
1540401;2137,87
1546201;2137,87
1546301;2137,87
1602901;2137,87
1605801;2137,87
1607501;2137,87
1637901;2137,87
1691501;2137,87
1696801;2137,87
1757701;2137,87
1763502;2137,87
1765701;2137,87
1770401;2137,87
1793702;2137,87
1817201;2137,87
1822201;2137,87
1877401;2137,87
1877501;2137,87
1877601;2137,87
1879201;2137,87
1886101;2137,87
1888601;2137,87
1890901;2137,87
1896201;2137,87
1928801;2137,87
1944701;2137,87
1944801;2137,87
1951101;2137,87
1978501;2137,87
1989601;2137,87
1991201;2137,87
1991301;2137,87
1993101;2137,87
2033601;2137,87
2033801;2137,87
375507;3467,3
779908;3467,3
781706;3467,3
883006;3467,3
1051102;3467,3
1164905;3467,3
1180406;3467,3
1217308;3467,3
1251803;3467,3
1252205;3467,3
1362604;3467,3
1364704;3467,3
1478003;3467,3
1527503;3467,3
1540701;3467,3
1540801;3467,3
1545901;3467,3
1546101;3467,3
1546601;3467,3
1547701;3467,3
1556401;3467,3
1557001;3467,3
1557201;3467,3
1605301;3467,3
1605701;3467,3
1613001;3467,3
1616901;3467,3
1622201;3467,3
1714601;3467,3
1819501;3467,3
1882701;3467,3
1882801;3467,3
1885701;3467,3
1887201;3467,3
1948201;3467,3
1953201;3467,3
1956201;3467,3
1978801;3467,3
1979201;3467,3
1989401;3467,3
1989701;3467,3
2005501;3467,3
376707;1818,13
395009;1818,13
535107;1818,13
762607;1818,13
1239203;1818,13
1294704;1818,13
1308304;1818,13
1311104;1818,13
1454105;1818,13
1542001;1818,13
1545001;1818,13
1545701;1818,13
1545801;1818,13
1560901;1818,13
1602101;1818,13
1616701;1818,13
1628701;1818,13
1539801;2137,87
1896901;2137,87
1985401;2137,87
1985501;2137,87
1308603;1617,75
1375204;1617,75
1378804;1617,75
1380304;1617,75
1541301;1617,75
1907101;5647,32
1953901;5647,32
1945301;1414,55
1945401;1414,55
1945501;1414,55
1945701;1414,55
1945801;1414,55
1945901;1414,55
1946201;1414,55
3297001;1433,23
1601;4474,65
363402;3902,89
384406;4059,02
709001;3902,89
709101;4743,12
709301;4059,02
712301;3902,89
745101;4059,02
747601;4302,56
748001;4059,02
751806;4059,02
842301;4474,65
858703;4221,37
1245802;4474,65
1324403;4221,37
1346703;4302,56
1358704;4221,37
1405102;4059,02
1521701;4474,65
1560601;4059,02
1562001;4474,65
1576101;4221,37
1608601;4221,37
1727201;4302,56
1732401;4302,56
124901;3975,24
673503;3975,24
1098001;3975,24
1327903;3675,33
1328403;3975,24
1331602;3467,3
1408502;3822,35
1608401;3975,24
1699201;3467,3
1793801;3605,97
1946101;3467,3
1946301;3467,3
1948101;3467,3
1948601;3467,3
1956301;3467,3
1958101;3467,3
1979401;3467,3
1988601;3467,3
2024401;3467,3
2024501;3467,3
1884801;2137,88
2004801;2137,87
8790805;2137,87
1766301;3605,97
1125001;2299,28
1185701;2391,26
129301;1487,92
139801;1430,69
514701;1487,92
568301;1609,33
637802;1375,66
643302;1375,66
709501;1375,66
709601;1430,69
709701;1375,66
709801;1375,66
710001;1322,75
723601;1375,66
729801;1375,66
731401;1375,66
732501;1375,66
732801;1322,75
733701;1322,75
734201;1430,69
738101;1375,66
739301;1322,75
743802;1375,66
762401;1322,75
802101;1547,44
853501;1375,66
853601;1375,66
854201;1375,66
854401;1375,66
854701;1322,75
856101;1547,44
857801;1375,66
858601;1430,69
868101;1487,92
878701;1430,69
884901;1430,69
889701;1375,66
1099004;1375,66
1157201;1322,75
4516001;1487,92
4715001;1547,44
4783001;1547,44
162501;1487,92
1273101;1322,75
1295901;1322,75
1296701;1430,69
184001;1430,69
811801;2052,34
183101;2069,1
801101;2151,87
891001;1989,54
1681901;1839,43
2540001;2151,87
4144001;2069,1
752606;1696,45
1328503;1764,99
140601;1913,02
140701;2151,87
140801;1913,02
140901;2151,87
141201;2151,87
141301;1913,02
141401;1913,02
141601;994,76
141701;2151,87
141801;1913,02
142101;1913,02
142301;1913,02
142501;2069,1
142801;2069,1
143401;1913,02
143701;1913,02
144001;1989,54
144301;2069,1
144401;2069,1
144501;2069,1
144801;2069,1
145101;2151,87
145301;2069,1
146401;2151,87
155101;2069,1
157801;2151,87
192801;2069,1
216001;1913,02
236301;2151,87
299502;1989,54
439101;2151,87
446101;1913,02
495501;2151,87
498701;2151,87
546001;1913,02
547901;2151,87
548101;1913,02
705404;1839,43
706801;1913,02
706901;1913,02
707201;1839,43
708801;1913,02
733608;1989,54
801901;2517,36
804001;2151,87
806301;2237,95
806501;1989,54
808401;2237,95
815901;1913,02
816201;2151,87
954701;1913,02
995904;1913,02
1221603;1989,54
1227503;1989,54
1246504;1913,02
1273803;1913,02
1317205;1913,02
1365605;1839,43
1416202;1913,02
1513001;1913,02
1513401;1989,54
1515701;1913,02
1516901;1989,54
1536501;1913,02
1543006;1913,02
1613102;1913,02
1637501;1989,54
1639401;1989,54
1648501;1989,54
1688801;1913,02
1689601;1913,02
2825001;2237,95
2935001;1989,54
3804001;2237,95
4281001;2237,95
4317001;1989,54
4491001;1989,54
4534001;2237,95
4704001;2151,87
4705001;1913,02
4851001;956,51
4857001;2237,95
4858001;2151,87
4862001;956,51
94601;3442,04
546802;3059,95
936801;3309,66
1250901;3059,95
1295701;3182,34
1514101;3059,95
1514301;2942,27
1729601;2942,27
1794301;2942,27
2912001;4026,69
4027001;3871,82
4183001;3871,82
4201001;3722,92
4286001;3722,92
4091001;4026,69
19408;1430,69
1265201;1375,66
296702;11630,41
247002;1399,93
246403;6348,38
1636101;6348,38
1939401;6348,38
1207604;3913,39
8793002;3913,39
488005;3913,39
107803;2723,72
1310105;2723,72
876403;1848,58
1087704;1848,58
1271705;1848,58
1634202;1848,58
1652102;1848,58
1837902;1848,58
1913201;1848,58
1928101;1848,58
1946401;1848,58
2004101;1848,58
2037301;1848,58
1086303;2723,72
1325707;2723,72
1635502;2723,72
1872701;2723,72
75302;2723,72
298403;2723,72
774802;2723,72
807101;2069,1
1876002;2723,72
1941401;2723,72
2042004;2723,72
143503;2495,39
235302;4302,56
1082005;2268,56
1576001;4302,56
1723001;4059,02
1995401;3467,3
1820702;2942,27
1841501;2942,27
1857501;2829,1
1875901;2829,1
1997901;2829,1
1917701;3913,39
247406;3913,39
183603;5647,32
1208403;5647,32
1204203;1134,27
741301;1375,66
887401;1322,75
1296601;1430,69
1642701;6840,29
1996201;11630,41
1201105;6348,38
1203305;6348,38
1908601;6348,38
1701102;3913,39
1916601;3913,39
1943401;3913,39
1871602;2723,72
1793602;1848,58
1915901;1848,58
1221903;1345,84
1984301;1345,84
3207001;1487,92
4090001;1487,92
527201;1702,86
1153607;1637,36
1346901;3059,95
1831202;11630,41
1915301;3913,39
1206001;637,65
875601;2060,31
858501;4221,37
429201;3750,22
870301;3750,22
831501;542,23
3001;1430,69
182401;1430,69
771501;1322,75
1156801;1492,98
747901;1839,43
724201;4474,65
1381103;4221,37
1558001;4221,37
734401;1375,66
1306401;1574,39
141101;1989,54
3569001;4026,69
1187701;10160,89
1910202;11630,41
1199905;9853,96
496103;6348,38
1696102;6348,38
1917902;6348,38
390907;3913,39
1243904;3913,39
1933701;3913,39
1997601;3913,39
1953301;3913,39
1909301;2723,72
2004901;2723,72
1909501;1848,58
1973301;1345,84
1997501;5647,32
413601;4026,69
572001;4355,26
4152001;3871,82
131901;1547,44
133701;1547,44
157101;1430,69
737401;1430,69
743501;1430,69
751501;1430,69
761501;1430,69
818201;1609,33
1083402;1375,66
1297101;1702,86
132801;2151,87
1875801;1913,02
1877001;1839,43
2334001;2517,36
254203;1696,45
715404;1696,45
1110401;1696,45
1250101;1696,45
822101;1770,97
1513301;1913,02
183501;3309,66
438201;3871,82
833601;3722,92
1295601;3059,95
1726001;4355,26
1789501;2942,27
3478001;4026,69
8790301;3871,82
1187301;11252,5
1418701;11252,5
1608301;11252,5
1768402;6145,69
1872801;8852,66
849602;6840,29
1113502;6840,29
1188001;10793,51
1214902;6840,29
419204;1375,66
1271901;1430,69
1305401;1430,69
169201;17345,39
169301;17345,39
449201;17345,39
825801;17345,39
1536001;17345,39
1536101;17345,39
1536201;15388,03
1560501;15388,03
1609901;15388,03
1679601;15388,03
1793501;12590,43
1813601;12590,43
1818601;17345,39
3244001;17345,39
3837001;17345,39
8792401;11630,41
281004;9853,96
1002;6348,38
482903;6348,38
846003;6348,38
1422001;4355,26
1834602;6348,38
284103;3913,39
1380107;3913,39
1681003;3913,39
1701603;3913,39
1874502;3913,39
1929401;3913,39
1943601;3913,39
1708905;1696,45
1916801;2723,72
1871702;1848,58
1947801;1848,58
1992501;1848,58
1699302;1345,84
1140001;3059,95
1133004;5647,32
4001;1018,1
441201;4654,32
1656301;4059,02
1808001;4026,69
172701;4134,26
335301;4557,59
428701;5987,15
432701;4642,46
951001;5756,9
1700102;4206,48
1125301;2299,28
1185901;2391,26
252003;3579,71
65601;1547,44
77701;1547,44
130101;1547,44
131601;1430,69
132901;1430,69
133601;1487,92
134001;1487,92
178601;1487,92
413702;1322,75
507902;1375,66
549202;1430,69
651302;1375,66
707901;1375,66
710301;1430,69
710401;1322,75
723401;1375,66
727201;1430,69
727501;1430,69
733201;1430,69
737301;1375,66
738201;1375,66
740101;1430,69
741801;1375,66
742501;1322,75
742801;1430,69
743001;1322,75
743201;1375,66
745801;1322,75
762201;1375,66
762501;1430,69
766201;1322,75
772306;1322,75
777901;1375,66
834001;1430,69
856701;1430,69
860101;1547,44
862801;1430,69
873801;1430,69
878501;1487,92
1087102;1430,69
1119701;1375,66
1230701;1322,75
877003;1430,69
4105001;1547,44
858801;1574,39
1110003;1702,86
1296101;1637,36
1297601;1702,86
1305001;1637,36
188201;1770,97
249602;1702,86
263604;1702,86
363202;1702,86
442401;1770,97
481601;1770,97
482001;1841,81
482101;1770,97
532701;1841,81
535901;1702,86
711502;1574,39
742001;1637,36
742201;1702,86
752301;1702,86
795301;1702,86
865801;2240,84
1296201;1702,86
1296301;1574,39
1296901;1702,86
1304901;1702,86
1306801;1702,86
1312804;1637,36
1461702;1637,36
1463504;1702,86
1488601;1702,86
1512201;1702,86
1516201;1637,36
1519201;1702,86
1520901;1637,36
1521401;1702,86
1523601;1702,86
1523701;1702,86
1545401;1637,36
1546401;1702,86
1546501;1702,86
1546701;1637,36
1714402;1637,36
1793901;1637,36
1796401;1637,36
1812601;1637,36
1813501;1637,36
1872401;1637,36
1873001;1637,36
1873101;1637,36
1873201;1637,36
140101;2151,87
183801;2069,1
441601;2069,1
448101;2151,87
569701;2327,45
801002;1989,54
838801;2151,87
1153506;1913,02
1302705;1989,54
1551603;1913,02
1693301;1839,43
1772301;1913,02
2352001;2069,1
3870001;2722,79
4526001;2151,87
4813001;2151,87
614301;1696,45
3742001;1910,48
4728001;1681,34
822201;1915,48
1770501;1913,02
106001;3579,71
424501;3722,92
438301;3871,82
710203;3442,04
808501;3309,66
815103;3871,82
837401;3722,92
845301;3871,82
871701;3871,82
1173802;3182,34
1265501;3059,95
1308101;3182,34
1343204;2942,27
1363602;3182,34
1514201;3059,95
1520301;3059,95
1729101;2942,27
1730001;2942,27
1823501;2942,27
2101004;4026,69
2110001;4026,69
3952001;4026,69
4148001;3871,82
8793401;3579,71
1942401;6978,64
896102;3059,95
245202;10378,37
1197401;10793,51
1689701;6840,29
1786401;6840,29
447701;2829,1
979504;1430,69
1074802;1322,75
1251201;1322,75
1257901;1375,66
1295301;1322,75
1305501;1430,69
1596902;1480,11
1630902;11630,41
1913402;9853,96
97303;6348,38
428305;6348,38
955102;6348,38
1202703;6348,38
1636502;6348,38
4785001;3871,82
1304004;3913,39
1908301;3913,39
326907;3913,39
369601;3913,39
543104;3913,39
546704;3913,39
1217904;3913,39
1690303;3913,39
1905101;3913,39
1925601;3913,39
1937901;3913,39
2014401;3913,39
1636302;2723,72
1823302;2723,72
1874604;2723,72
900002;1848,58
1910801;1848,58
1927901;1848,58
1938101;1848,58
1951201;1848,58
1980702;1848,58
1985101;1848,58
1987301;1345,84
311503;3913,39
417101;11886,81
1253001;10567,33
1885001;6978,64
1944601;6978,64
2033701;6978,64
11183002;13209,16
441501;4654,32
1124501;2391,26
1185201;2391,26
1185501;2391,26
735301;1430,69
3288001;2327,45
2401;1770,97
139501;1702,86
1620301;1574,39
1973501;1574,39
1514001;2942,27
4120001;3722,92
1949001;3400,87
431701;4475,31
1188201;10567,33
1211402;10160,89
1187201;9979,2
495301;17345,39
1168001;17345,39
1535601;15388,03
1535801;15388,03
1535901;15388,03
1796501;12590,43
3680001;17345,39
3836001;17345,39
2441001;17345,39
1650701;9853,96
1916701;6348,38
1987001;6348,38
1205203;3913,39
1211103;3913,39
1248003;3913,39
1650602;3913,39
1699402;3913,39
1913801;3913,39
1699602;1848,58
1926201;1848,58
1410302;5647,32
1827302;5647,32
121301;5756,9
1558901;4206,48
4298001;1487,92
424301;1841,81
745002;1702,86
808901;1841,81
816501;1841,81
1372105;1637,36
1393707;1637,36
1634502;1637,36
1883901;1574,39
2569001;1992,1
2906001;1841,81
4333001;1992,1
2031002;4026,69
1319005;11630,41
1701703;6348,38
1269204;3913,39
881506;3913,39
1911201;2723,72
1205304;1848,58
1995301;1345,84
1561901;4474,65
1586901;4302,56
1561402;3467,3
1125501;2299,28
659503;6348,38
659603;6348,38
659703;6348,38
875201;6348,38
1355709;6348,38
852301;1322,75
859501;1547,44
145801;2151,87
142201;2069,1
534001;2069,1
547501;1989,54
548001;2151,87
707401;1913,02
1404803;1989,54
1433602;1913,02
1512401;1989,54
1743601;1913,02
548301;3182,34
1306902;3059,95
1346801;3059,95
1404101;10793,51
1152402;1322,75
1835002;11630,41
1205004;6348,38
1220604;6348,38
1774104;6348,38
1838702;3913,39
1595804;2723,72
1915201;2723,72
1632602;1848,58
1359508;2829,1
1841401;2829,1
1841601;2829,1
1841701;2829,1
1842101;2942,27
1842201;2942,27
1874401;2829,1
1880901;2829,1
1888701;2829,1
1890101;2829,1
1952101;2829,1
1954901;2829,1
1973601;2829,1
1987501;2829,1
2007201;2829,1
1411304;5647,32
1415001;4355,26
1732301;2829,1
1522201;10793,51
1907201;11630,41
951103;6348,38
1114908;6348,38
1635403;3913,39
1097604;3913,39
1631501;3913,39
1877701;2723,72
1908901;2723,72
1916102;2723,72
2013001;2723,72
1908401;1848,58
508001;1018,1
4154001;1018,1
117802;2391,26
744705;2391,26
915703;2391,26
1051203;2391,26
1071103;2391,26
1123901;2391,26
1124801;2299,28
1125101;2391,26
1125901;2391,26
1126201;2299,28
1185001;2391,26
1185101;2299,28
1186001;2391,26
734801;1375,66
740701;1375,66
4669001;1487,92
417003;1322,75
269501;1637,36
299401;1574,39
317301;1637,36
524401;1702,86
524501;1702,86
524601;1992,1
524901;1770,97
525801;1992,1
525901;1992,1
526201;1992,1
526901;1992,1
527101;1992,1
527301;1992,1
527601;1992,1
527701;1992,1
528001;1574,39
528301;1841,81
528501;1992,1
528801;1915,48
528901;1770,97
530701;1992,1
530901;1915,48
531102;1637,36
531501;1841,81
532601;1702,86
534101;1992,1
534501;1992,1
534701;1702,86
534801;1702,86
536601;1992,1
536801;1915,48
540901;1702,86
541201;1702,86
541401;1992,1
541801;1992,1
542301;1702,86
551901;2154,66
716901;1702,86
717001;1702,86
717101;1702,86
717301;1637,36
717501;1637,36
721601;1574,39
721901;1702,86
722102;1574,39
722201;1702,86
722501;1702,86
722601;1574,39
722801;1637,36
723001;1637,36
723101;1637,36
723201;1637,36
791001;1574,39
792601;1702,86
793401;1574,39
832601;1574,39
833301;1702,86
833501;1702,86
833701;1702,86
840701;1637,36
840801;1574,39
857301;1574,39
916405;1702,86
971901;1702,86
972001;1770,97
1039102;1637,36
1049801;1637,36
1051802;1574,39
1068001;1841,81
1072302;1702,86
1077802;1702,86
1133507;1702,86
1168103;1702,86
1273701;1702,86
1296801;1702,86
1297201;1637,36
1306501;1702,86
4272001;1992,1
956401;1770,97
871601;2069,1
1721604;1839,43
1721704;1913,02
1721904;1913,02
1722004;1913,02
1796301;1913,02
1212902;1574,39
434301;3722,92
439701;3442,04
1324103;3182,34
2030301;6978,64
1177602;6840,29
118802;3059,95
179902;2942,27
284003;2942,27
396908;2942,27
454702;3059,95
525002;3059,95
710502;3059,95
710602;2942,27
717902;3059,95
774403;2942,27
799602;2942,27
851805;2942,27
1125602;2942,27
1125701;3059,95
1126101;3059,95
1126501;3059,95
1126601;2942,27
1126701;2829,1
1127501;2829,1
1127701;3059,95
1127801;2829,1
1127901;3059,95
1132601;2942,27
1154501;3059,95
1157001;2829,1
1157101;2942,27
1176901;3059,95
1177201;3059,95
1177301;2829,1
1177401;3059,95
1177501;3059,95
1177701;3059,95
1178901;3059,95
1200304;2829,1
1274202;2829,1
1305104;2942,27
1437205;2942,27
1437305;2942,27
1437505;2942,27
1437605;2942,27
1437705;2942,27
1438604;2829,1
1438804;2942,27
1439305;2942,27
1520702;2829,1
1545302;2942,27
1648601;2829,1
1648701;2829,1
1649101;3059,95
1649201;3059,95
1649301;2942,27
1649401;3059,95
1649501;3059,95
1651201;2829,1
1651501;3059,95
1651801;2942,27
1687703;2942,27
1691701;3059,95
1691801;3059,95
1697601;2942,27
1697701;2942,27
1697801;2942,27
1697901;2942,27
1698001;2942,27
1698101;2829,1
1698401;2942,27
1698501;2942,27
1698801;2829,1
1719301;2829,1
1721101;2829,1
1826502;2942,27
1857601;2942,27
1857701;2942,27
1863601;2942,27
1863701;2942,27
1863801;2829,1
1864001;2942,27
1864701;2829,1
1866801;2942,27
1866901;2942,27
1867201;2942,27
1872301;2942,27
1872501;2942,27
1872601;2829,1
1875401;2829,1
1876101;2942,27
1877201;2829,1
1880101;2942,27
1887701;2829,1
1889601;2829,1
1889901;2829,1
1890001;2829,1
445902;1375,66
1910002;11630,41
1437803;9853,96
690202;1134,27
865502;6348,38
1127601;6348,38
1439005;3913,39
1680902;3913,39
1701503;3913,39
1635302;3913,39
1652203;1848,58
1909201;1848,58
1247605;5647,32
1972801;5647,32
3057001;1487,92
3004001;2069,1
3246001;2831,72
1347001;3182,34
1888001;4026,69
4487001;3722,92
1197601;10793,51
1209403;1322,75
1630402;11630,41
556501;9853,96
906;6348,38
949602;6348,38
3965002;3871,82
1222405;3913,39
1856902;3913,39
1215202;1848,58
1368706;1848,58
1756102;1848,58
289102;1345,84
1917401;1345,84
1714001;1089,76
4668001;1487,92
1726601;2942,27
381603;11630,41
1700402;6348,38
1949101;6348,38
386504;3913,39
1173303;1848,58
1913301;1848,58
1363004;6978,64
1389103;6978,64
1700803;6978,64
1832801;10160,89
1943701;6978,64
1947501;6978,64
3514001;4026,69
1124201;2391,26
94801;3579,71
802601;4026,69
841901;3722,92
859401;3722,92
1651701;3059,95
1763401;2942,27
1823001;10160,89
1823401;10160,89
1826201;10160,89
131502;6840,29
774604;10793,51
1125402;10793,51
1198601;10793,51
1190704;1430,69
894302;11630,41
1188101;10793,51
1908201;9853,96
2036801;9853,96
3212001;11429,62
1794201;6348,38
1910601;6348,38
156601;3442,04
818803;3913,39
1219804;3913,39
1245705;3913,39
1632003;2829,1
1692803;3913,39
1693102;3913,39
1696302;3913,39
1769401;3913,39
1855202;3913,39
1855303;3913,39
1865402;3913,39
1913101;3913,39
1928901;3913,39
1933201;3913,39
1991001;3913,39
2000301;3913,39
2038701;3913,39
1785801;6840,29
1699902;1848,58
1832302;1848,58
1913601;1848,58
1931101;1848,58
2003801;1345,84
509805;5647,32
1939001;5647,32
1224906;11630,41
129903;6348,38
1631902;6348,38
1634802;6348,38
1984901;6348,38
2033901;3913,39
1199304;3913,39
1941201;3913,39
1969101;3913,39
1916901;2723,72
1925501;2723,72
2032001;2723,72
1987201;5647,32
2004701;2299,27
86404;11630,41
1909701;9853,96
1210105;6348,38
1842403;6348,38
2035101;6348,38
4066002;11429,62
1915601;3913,39
1946501;3913,39
1681802;1913,01
1916501;2723,72
1917501;2723,72
1934201;1848,58
2034101;1848,58
1764801;4643,29
1769701;4380,46
1777901;4643,29
1793401;4380,46
1833601;4643,29
1834701;4643,29
1864501;4643,29
1997401;4211,98
1998001;4211,98
2000901;4211,98
2004001;4211,98
2025801;4211,98
1915401;5647,32
401;4474,64
301;2586,37
883601;2486,89
1202201;2797,43
884701;1322,75
883501;4474,64
1130801;1375,66
883901;2486,89
1867102;11630,41
564006;6348,38
1940801;6348,38
2016301;6348,38
1723102;3913,39
1971001;3913,39
890406;3913,39
4100002;3694,34
553002;3102,73
1215704;6348,38
1704905;6348,38
1700902;3913,39
1634404;2723,72
1929301;2723,72
2027501;2723,72
2040001;2723,72
1916301;1848,58
1994201;3231,9
1994301;3231,9
1994401;3231,9
1994501;3231,9
1994601;3231,9
1994701;3231,9
1994901;3231,9
1995001;3231,9
1995101;3231,9
1995201;3231,9
1995701;3231,9
1995801;3231,9
2003501;3231,9
2003901;3231,9
1908701;5647,32
1834802;3963,89
1948501;3963,89
1908001;11630,41
375406;3913,39
1190802;3913,39
501402;9853,96
929512;6348,38
1365404;3913,39
2034001;3913,39
1685604;6348,38
1973401;6348,38
1972401;5647,32
